"id","mc","style","duration_1","duration_2","duration_3","interviewer","language","deviations/notes","stage","detail","interview","activity","critical","start_slope","end_slope"
1,"MC2","sos",NA,NA,NA,"Hanna","Eng",NA,"int1_st1",2,0,0,0,0,0
1,"MC2","sos",NA,NA,NA,"Hanna","Eng",NA,"int1_st2",1,0,1,0,0,1
1,"MC2","sos",NA,NA,NA,"Hanna","Eng",NA,"int1_st3",0,0,2,0,0,2
1,"MC2","sos",NA,NA,NA,"Hanna","Eng",NA,"int1_st4",2,0,3,1,0,3
1,"MC2","sos",NA,NA,NA,"Hanna","Eng",NA,"int1_st5",0,0,4,1,0,4
1,"MC2","sos",NA,NA,NA,"Hanna","Eng",NA,"int2_st1",2,1,0,0,0,0
1,"MC2","sos",NA,NA,NA,"Hanna","Eng",NA,"int2_st2",1,1,1,0,1,0
1,"MC2","sos",NA,NA,NA,"Hanna","Eng",NA,"int2_st3",0,1,2,0,1,1
1,"MC2","sos",NA,NA,NA,"Hanna","Eng",NA,"int2_st4",2,1,3,1,1,2
1,"MC2","sos",NA,NA,NA,"Hanna","Eng",NA,"int2_st5",0,1,4,1,1,3
1,"MC2","sos",NA,NA,NA,"Hanna","Eng",NA,"int3_st1",2,2,0,0,0,0
1,"MC2","sos",NA,NA,NA,"Hanna","Eng",NA,"int3_st2",1,2,1,0,1,0
1,"MC2","sos",NA,NA,NA,"Hanna","Eng",NA,"int3_st3",0,2,2,0,2,0
1,"MC2","sos",NA,NA,NA,"Hanna","Eng",NA,"int3_st4",2,2,3,1,2,1
1,"MC2","sos",NA,NA,NA,"Hanna","Eng",NA,"int3_st5",0,2,4,1,2,2
2,"MC2","sos",NA,NA,NA,"Minna","Swe","missing audio interview 1","int1_st1",NA,0,0,0,0,0
2,"MC2","sos",NA,NA,NA,"Minna","Swe","missing audio interview 1","int1_st2",NA,0,1,0,0,1
2,"MC2","sos",NA,NA,NA,"Minna","Swe","missing audio interview 1","int1_st3",NA,0,2,0,0,2
2,"MC2","sos",NA,NA,NA,"Minna","Swe","missing audio interview 1","int1_st4",NA,0,3,1,0,3
2,"MC2","sos",NA,NA,NA,"Minna","Swe","missing audio interview 1","int1_st5",NA,0,4,1,0,4
2,"MC2","sos",NA,NA,NA,"Minna","Swe","missing audio interview 1","int2_st1",2,1,0,0,0,0
2,"MC2","sos",NA,NA,NA,"Minna","Swe","missing audio interview 1","int2_st2",1,1,1,0,1,0
2,"MC2","sos",NA,NA,NA,"Minna","Swe","missing audio interview 1","int2_st3",0,1,2,0,1,1
2,"MC2","sos",NA,NA,NA,"Minna","Swe","missing audio interview 1","int2_st4",2,1,3,1,1,2
2,"MC2","sos",NA,NA,NA,"Minna","Swe","missing audio interview 1","int2_st5",0,1,4,1,1,3
2,"MC2","sos",NA,NA,NA,"Minna","Swe","missing audio interview 1","int3_st1",2,2,0,0,0,0
2,"MC2","sos",NA,NA,NA,"Minna","Swe","missing audio interview 1","int3_st2",1,2,1,0,1,0
2,"MC2","sos",NA,NA,NA,"Minna","Swe","missing audio interview 1","int3_st3",0,2,2,0,2,0
2,"MC2","sos",NA,NA,NA,"Minna","Swe","missing audio interview 1","int3_st4",2,2,3,1,2,1
2,"MC2","sos",NA,NA,NA,"Minna","Swe","missing audio interview 1","int3_st5",0,2,4,1,2,2
3,"MC1","direct",NA,NA,NA,"Naiara","Eng","missing audio interview 2","int1_st1",NA,0,0,0,0,0
3,"MC1","direct",NA,NA,NA,"Naiara","Eng","missing audio interview 2","int1_st2",NA,0,1,0,0,1
3,"MC1","direct",NA,NA,NA,"Naiara","Eng","missing audio interview 2","int1_st3",NA,0,2,0,0,2
3,"MC1","direct",NA,NA,NA,"Naiara","Eng","missing audio interview 2","int1_st4",NA,0,3,1,0,3
3,"MC1","direct",NA,NA,NA,"Naiara","Eng","missing audio interview 2","int1_st5",NA,0,4,1,0,4
3,"MC1","direct",NA,NA,NA,"Naiara","Eng","missing audio interview 2","int2_st1",3,1,0,0,0,0
3,"MC1","direct",NA,NA,NA,"Naiara","Eng","missing audio interview 2","int2_st2",0,1,1,0,1,0
3,"MC1","direct",NA,NA,NA,"Naiara","Eng","missing audio interview 2","int2_st3",1,1,2,0,1,1
3,"MC1","direct",NA,NA,NA,"Naiara","Eng","missing audio interview 2","int2_st4",1,1,3,1,1,2
3,"MC1","direct",NA,NA,NA,"Naiara","Eng","missing audio interview 2","int2_st5",0,1,4,1,1,3
3,"MC1","direct",NA,NA,NA,"Naiara","Eng","missing audio interview 2","int3_st1",3,2,0,0,0,0
3,"MC1","direct",NA,NA,NA,"Naiara","Eng","missing audio interview 2","int3_st2",0,2,1,0,1,0
3,"MC1","direct",NA,NA,NA,"Naiara","Eng","missing audio interview 2","int3_st3",1,2,2,0,2,0
3,"MC1","direct",NA,NA,NA,"Naiara","Eng","missing audio interview 2","int3_st4",1,2,3,1,2,1
3,"MC1","direct",NA,NA,NA,"Naiara","Eng","missing audio interview 2","int3_st5",0,2,4,1,2,2
4,"MC2","direct",NA,NA,NA,"Sandra","Swe","missing audio interview 3","int1_st1",NA,0,0,0,0,0
4,"MC2","direct",NA,NA,NA,"Sandra","Swe","missing audio interview 3","int1_st2",NA,0,1,0,0,1
4,"MC2","direct",NA,NA,NA,"Sandra","Swe","missing audio interview 3","int1_st3",NA,0,2,0,0,2
4,"MC2","direct",NA,NA,NA,"Sandra","Swe","missing audio interview 3","int1_st4",NA,0,3,1,0,3
4,"MC2","direct",NA,NA,NA,"Sandra","Swe","missing audio interview 3","int1_st5",NA,0,4,1,0,4
4,"MC2","direct",NA,NA,NA,"Sandra","Swe","missing audio interview 3","int2_st1",2,1,0,0,0,0
4,"MC2","direct",NA,NA,NA,"Sandra","Swe","missing audio interview 3","int2_st2",1,1,1,0,1,0
4,"MC2","direct",NA,NA,NA,"Sandra","Swe","missing audio interview 3","int2_st3",0,1,2,0,1,1
4,"MC2","direct",NA,NA,NA,"Sandra","Swe","missing audio interview 3","int2_st4",0,1,3,1,1,2
4,"MC2","direct",NA,NA,NA,"Sandra","Swe","missing audio interview 3","int2_st5",0,1,4,1,1,3
4,"MC2","direct",NA,NA,NA,"Sandra","Swe","missing audio interview 3","int3_st1",2,2,0,0,0,0
4,"MC2","direct",NA,NA,NA,"Sandra","Swe","missing audio interview 3","int3_st2",1,2,1,0,1,0
4,"MC2","direct",NA,NA,NA,"Sandra","Swe","missing audio interview 3","int3_st3",0,2,2,0,2,0
4,"MC2","direct",NA,NA,NA,"Sandra","Swe","missing audio interview 3","int3_st4",0,2,3,1,2,1
4,"MC2","direct",NA,NA,NA,"Sandra","Swe","missing audio interview 3","int3_st5",0,2,4,1,2,2
5,"MC3","direct",NA,NA,NA,"Karishma","Eng","missing audio interview 4","int1_st1",NA,0,0,0,0,0
5,"MC3","direct",NA,NA,NA,"Karishma","Eng","missing audio interview 4","int1_st2",NA,0,1,0,0,1
5,"MC3","direct",NA,NA,NA,"Karishma","Eng","missing audio interview 4","int1_st3",NA,0,2,0,0,2
5,"MC3","direct",NA,NA,NA,"Karishma","Eng","missing audio interview 4","int1_st4",NA,0,3,1,0,3
5,"MC3","direct",NA,NA,NA,"Karishma","Eng","missing audio interview 4","int1_st5",NA,0,4,1,0,4
5,"MC3","direct",NA,NA,NA,"Karishma","Eng","missing audio interview 4","int2_st1",0,1,0,0,0,0
5,"MC3","direct",NA,NA,NA,"Karishma","Eng","missing audio interview 4","int2_st2",5,1,1,0,1,0
5,"MC3","direct",NA,NA,NA,"Karishma","Eng","missing audio interview 4","int2_st3",0,1,2,0,1,1
5,"MC3","direct",NA,NA,NA,"Karishma","Eng","missing audio interview 4","int2_st4",0,1,3,1,1,2
5,"MC3","direct",NA,NA,NA,"Karishma","Eng","missing audio interview 4","int2_st5",0,1,4,1,1,3
5,"MC3","direct",NA,NA,NA,"Karishma","Eng","missing audio interview 4","int3_st1",0,2,0,0,0,0
5,"MC3","direct",NA,NA,NA,"Karishma","Eng","missing audio interview 4","int3_st2",5,2,1,0,1,0
5,"MC3","direct",NA,NA,NA,"Karishma","Eng","missing audio interview 4","int3_st3",2,2,2,0,2,0
5,"MC3","direct",NA,NA,NA,"Karishma","Eng","missing audio interview 4","int3_st4",0,2,3,1,2,1
5,"MC3","direct",NA,NA,NA,"Karishma","Eng","missing audio interview 4","int3_st5",0,2,4,1,2,2
6,"MC2","sos",NA,NA,NA,"Minna","Swe",NA,"int1_st1",2,0,0,0,0,0
6,"MC2","sos",NA,NA,NA,"Minna","Swe",NA,"int1_st2",1,0,1,0,0,1
6,"MC2","sos",NA,NA,NA,"Minna","Swe",NA,"int1_st3",1,0,2,0,0,2
6,"MC2","sos",NA,NA,NA,"Minna","Swe",NA,"int1_st4",3,0,3,1,0,3
6,"MC2","sos",NA,NA,NA,"Minna","Swe",NA,"int1_st5",1,0,4,1,0,4
6,"MC2","sos",NA,NA,NA,"Minna","Swe",NA,"int2_st1",2,1,0,0,0,0
6,"MC2","sos",NA,NA,NA,"Minna","Swe",NA,"int2_st2",2,1,1,0,1,0
6,"MC2","sos",NA,NA,NA,"Minna","Swe",NA,"int2_st3",1,1,2,0,1,1
6,"MC2","sos",NA,NA,NA,"Minna","Swe",NA,"int2_st4",2,1,3,1,1,2
6,"MC2","sos",NA,NA,NA,"Minna","Swe",NA,"int2_st5",0,1,4,1,1,3
6,"MC2","sos",NA,NA,NA,"Minna","Swe",NA,"int3_st1",2,2,0,0,0,0
6,"MC2","sos",NA,NA,NA,"Minna","Swe",NA,"int3_st2",2,2,1,0,1,0
6,"MC2","sos",NA,NA,NA,"Minna","Swe",NA,"int3_st3",2,2,2,0,2,0
6,"MC2","sos",NA,NA,NA,"Minna","Swe",NA,"int3_st4",3,2,3,1,2,1
6,"MC2","sos",NA,NA,NA,"Minna","Swe",NA,"int3_st5",1,2,4,1,2,2
7,"MC1","sos",NA,NA,NA,"Hanna","Eng",NA,"int1_st1",0,0,0,0,0,0
7,"MC1","sos",NA,NA,NA,"Hanna","Eng",NA,"int1_st2",0,0,1,0,0,1
7,"MC1","sos",NA,NA,NA,"Hanna","Eng",NA,"int1_st3",1,0,2,0,0,2
7,"MC1","sos",NA,NA,NA,"Hanna","Eng",NA,"int1_st4",0,0,3,1,0,3
7,"MC1","sos",NA,NA,NA,"Hanna","Eng",NA,"int1_st5",0,0,4,1,0,4
7,"MC1","sos",NA,NA,NA,"Hanna","Eng",NA,"int2_st1",0,1,0,0,0,0
7,"MC1","sos",NA,NA,NA,"Hanna","Eng",NA,"int2_st2",0,1,1,0,1,0
7,"MC1","sos",NA,NA,NA,"Hanna","Eng",NA,"int2_st3",1,1,2,0,1,1
7,"MC1","sos",NA,NA,NA,"Hanna","Eng",NA,"int2_st4",0,1,3,1,1,2
7,"MC1","sos",NA,NA,NA,"Hanna","Eng",NA,"int2_st5",0,1,4,1,1,3
7,"MC1","sos",NA,NA,NA,"Hanna","Eng",NA,"int3_st1",0,2,0,0,0,0
7,"MC1","sos",NA,NA,NA,"Hanna","Eng",NA,"int3_st2",0,2,1,0,1,0
7,"MC1","sos",NA,NA,NA,"Hanna","Eng",NA,"int3_st3",1,2,2,0,2,0
7,"MC1","sos",NA,NA,NA,"Hanna","Eng",NA,"int3_st4",0,2,3,1,2,1
7,"MC1","sos",NA,NA,NA,"Hanna","Eng",NA,"int3_st5",0,2,4,1,2,2
8,"MC3","sos",NA,NA,NA,"Karishma","Eng",NA,"int1_st1",1,0,0,0,0,0
8,"MC3","sos",NA,NA,NA,"Karishma","Eng",NA,"int1_st2",1,0,1,0,0,1
8,"MC3","sos",NA,NA,NA,"Karishma","Eng",NA,"int1_st3",2,0,2,0,0,2
8,"MC3","sos",NA,NA,NA,"Karishma","Eng",NA,"int1_st4",0,0,3,1,0,3
8,"MC3","sos",NA,NA,NA,"Karishma","Eng",NA,"int1_st5",0,0,4,1,0,4
8,"MC3","sos",NA,NA,NA,"Karishma","Eng",NA,"int2_st1",1,1,0,0,0,0
8,"MC3","sos",NA,NA,NA,"Karishma","Eng",NA,"int2_st2",3,1,1,0,1,0
8,"MC3","sos",NA,NA,NA,"Karishma","Eng",NA,"int2_st3",2,1,2,0,1,1
8,"MC3","sos",NA,NA,NA,"Karishma","Eng",NA,"int2_st4",0,1,3,1,1,2
8,"MC3","sos",NA,NA,NA,"Karishma","Eng",NA,"int2_st5",0,1,4,1,1,3
8,"MC3","sos",NA,NA,NA,"Karishma","Eng",NA,"int3_st1",1,2,0,0,0,0
8,"MC3","sos",NA,NA,NA,"Karishma","Eng",NA,"int3_st2",4,2,1,0,1,0
8,"MC3","sos",NA,NA,NA,"Karishma","Eng",NA,"int3_st3",3,2,2,0,2,0
8,"MC3","sos",NA,NA,NA,"Karishma","Eng",NA,"int3_st4",0,2,3,1,2,1
8,"MC3","sos",NA,NA,NA,"Karishma","Eng",NA,"int3_st5",1,2,4,1,2,2
9,"MC2","direct",NA,NA,NA,"Naiara","Eng",NA,"int1_st1",2,0,0,0,0,0
9,"MC2","direct",NA,NA,NA,"Naiara","Eng",NA,"int1_st2",1,0,1,0,0,1
9,"MC2","direct",NA,NA,NA,"Naiara","Eng",NA,"int1_st3",0,0,2,0,0,2
9,"MC2","direct",NA,NA,NA,"Naiara","Eng",NA,"int1_st4",2,0,3,1,0,3
9,"MC2","direct",NA,NA,NA,"Naiara","Eng",NA,"int1_st5",0,0,4,1,0,4
9,"MC2","direct",NA,NA,NA,"Naiara","Eng",NA,"int2_st1",2,1,0,0,0,0
9,"MC2","direct",NA,NA,NA,"Naiara","Eng",NA,"int2_st2",1,1,1,0,1,0
9,"MC2","direct",NA,NA,NA,"Naiara","Eng",NA,"int2_st3",0,1,2,0,1,1
9,"MC2","direct",NA,NA,NA,"Naiara","Eng",NA,"int2_st4",2,1,3,1,1,2
9,"MC2","direct",NA,NA,NA,"Naiara","Eng",NA,"int2_st5",0,1,4,1,1,3
9,"MC2","direct",NA,NA,NA,"Naiara","Eng",NA,"int3_st1",2,2,0,0,0,0
9,"MC2","direct",NA,NA,NA,"Naiara","Eng",NA,"int3_st2",1,2,1,0,1,0
9,"MC2","direct",NA,NA,NA,"Naiara","Eng",NA,"int3_st3",0,2,2,0,2,0
9,"MC2","direct",NA,NA,NA,"Naiara","Eng",NA,"int3_st4",2,2,3,1,2,1
9,"MC2","direct",NA,NA,NA,"Naiara","Eng",NA,"int3_st5",0,2,4,1,2,2
10,"MC3","sos",NA,NA,NA,"Sandra","Swe",NA,"int1_st1",0,0,0,0,0,0
10,"MC3","sos",NA,NA,NA,"Sandra","Swe",NA,"int1_st2",0,0,1,0,0,1
10,"MC3","sos",NA,NA,NA,"Sandra","Swe",NA,"int1_st3",0,0,2,0,0,2
10,"MC3","sos",NA,NA,NA,"Sandra","Swe",NA,"int1_st4",0,0,3,1,0,3
10,"MC3","sos",NA,NA,NA,"Sandra","Swe",NA,"int1_st5",0,0,4,1,0,4
10,"MC3","sos",NA,NA,NA,"Sandra","Swe",NA,"int2_st1",1,1,0,0,0,0
10,"MC3","sos",NA,NA,NA,"Sandra","Swe",NA,"int2_st2",3,1,1,0,1,0
10,"MC3","sos",NA,NA,NA,"Sandra","Swe",NA,"int2_st3",0,1,2,0,1,1
10,"MC3","sos",NA,NA,NA,"Sandra","Swe",NA,"int2_st4",1,1,3,1,1,2
10,"MC3","sos",NA,NA,NA,"Sandra","Swe",NA,"int2_st5",0,1,4,1,1,3
10,"MC3","sos",NA,NA,NA,"Sandra","Swe",NA,"int3_st1",1,2,0,0,0,0
10,"MC3","sos",NA,NA,NA,"Sandra","Swe",NA,"int3_st2",3,2,1,0,1,0
10,"MC3","sos",NA,NA,NA,"Sandra","Swe",NA,"int3_st3",0,2,2,0,2,0
10,"MC3","sos",NA,NA,NA,"Sandra","Swe",NA,"int3_st4",0,2,3,1,2,1
10,"MC3","sos",NA,NA,NA,"Sandra","Swe",NA,"int3_st5",0,2,4,1,2,2
11,"MC1","sos",NA,NA,NA,"Minna","Swe",NA,"int1_st1",4,0,0,0,0,0
11,"MC1","sos",NA,NA,NA,"Minna","Swe",NA,"int1_st2",0,0,1,0,0,1
11,"MC1","sos",NA,NA,NA,"Minna","Swe",NA,"int1_st3",2,0,2,0,0,2
11,"MC1","sos",NA,NA,NA,"Minna","Swe",NA,"int1_st4",2,0,3,1,0,3
11,"MC1","sos",NA,NA,NA,"Minna","Swe",NA,"int1_st5",0,0,4,1,0,4
11,"MC1","sos",NA,NA,NA,"Minna","Swe",NA,"int2_st1",2,1,0,0,0,0
11,"MC1","sos",NA,NA,NA,"Minna","Swe",NA,"int2_st2",0,1,1,0,1,0
11,"MC1","sos",NA,NA,NA,"Minna","Swe",NA,"int2_st3",1,1,2,0,1,1
11,"MC1","sos",NA,NA,NA,"Minna","Swe",NA,"int2_st4",2,1,3,1,1,2
11,"MC1","sos",NA,NA,NA,"Minna","Swe",NA,"int2_st5",0,1,4,1,1,3
11,"MC1","sos",NA,NA,NA,"Minna","Swe",NA,"int3_st1",2,2,0,0,0,0
11,"MC1","sos",NA,NA,NA,"Minna","Swe",NA,"int3_st2",0,2,1,0,1,0
11,"MC1","sos",NA,NA,NA,"Minna","Swe",NA,"int3_st3",4,2,2,0,2,0
11,"MC1","sos",NA,NA,NA,"Minna","Swe",NA,"int3_st4",2,2,3,1,2,1
11,"MC1","sos",NA,NA,NA,"Minna","Swe",NA,"int3_st5",0,2,4,1,2,2
12,"MC2","direct",NA,NA,NA,"Karishma","Eng",NA,"int1_st1",2,0,0,0,0,0
12,"MC2","direct",NA,NA,NA,"Karishma","Eng",NA,"int1_st2",0,0,1,0,0,1
12,"MC2","direct",NA,NA,NA,"Karishma","Eng",NA,"int1_st3",1,0,2,0,0,2
12,"MC2","direct",NA,NA,NA,"Karishma","Eng",NA,"int1_st4",2,0,3,1,0,3
12,"MC2","direct",NA,NA,NA,"Karishma","Eng",NA,"int1_st5",0,0,4,1,0,4
12,"MC2","direct",NA,NA,NA,"Karishma","Eng",NA,"int2_st1",2,1,0,0,0,0
12,"MC2","direct",NA,NA,NA,"Karishma","Eng",NA,"int2_st2",1,1,1,0,1,0
12,"MC2","direct",NA,NA,NA,"Karishma","Eng",NA,"int2_st3",1,1,2,0,1,1
12,"MC2","direct",NA,NA,NA,"Karishma","Eng",NA,"int2_st4",2,1,3,1,1,2
12,"MC2","direct",NA,NA,NA,"Karishma","Eng",NA,"int2_st5",0,1,4,1,1,3
12,"MC2","direct",NA,NA,NA,"Karishma","Eng",NA,"int3_st1",2,2,0,0,0,0
12,"MC2","direct",NA,NA,NA,"Karishma","Eng",NA,"int3_st2",1,2,1,0,1,0
12,"MC2","direct",NA,NA,NA,"Karishma","Eng",NA,"int3_st3",2,2,2,0,2,0
12,"MC2","direct",NA,NA,NA,"Karishma","Eng",NA,"int3_st4",2,2,3,1,2,1
12,"MC2","direct",NA,NA,NA,"Karishma","Eng",NA,"int3_st5",0,2,4,1,2,2
13,"MC2","sos",NA,NA,NA,"Hanna","Eng",NA,"int1_st1",0,0,0,0,0,0
13,"MC2","sos",NA,NA,NA,"Hanna","Eng",NA,"int1_st2",0,0,1,0,0,1
13,"MC2","sos",NA,NA,NA,"Hanna","Eng",NA,"int1_st3",0,0,2,0,0,2
13,"MC2","sos",NA,NA,NA,"Hanna","Eng",NA,"int1_st4",0,0,3,1,0,3
13,"MC2","sos",NA,NA,NA,"Hanna","Eng",NA,"int1_st5",0,0,4,1,0,4
13,"MC2","sos",NA,NA,NA,"Hanna","Eng",NA,"int2_st1",0,1,0,0,0,0
13,"MC2","sos",NA,NA,NA,"Hanna","Eng",NA,"int2_st2",1,1,1,0,1,0
13,"MC2","sos",NA,NA,NA,"Hanna","Eng",NA,"int2_st3",0,1,2,0,1,1
13,"MC2","sos",NA,NA,NA,"Hanna","Eng",NA,"int2_st4",0,1,3,1,1,2
13,"MC2","sos",NA,NA,NA,"Hanna","Eng",NA,"int2_st5",1,1,4,1,1,3
13,"MC2","sos",NA,NA,NA,"Hanna","Eng",NA,"int3_st1",0,2,0,0,0,0
13,"MC2","sos",NA,NA,NA,"Hanna","Eng",NA,"int3_st2",1,2,1,0,1,0
13,"MC2","sos",NA,NA,NA,"Hanna","Eng",NA,"int3_st3",0,2,2,0,2,0
13,"MC2","sos",NA,NA,NA,"Hanna","Eng",NA,"int3_st4",0,2,3,1,2,1
13,"MC2","sos",NA,NA,NA,"Hanna","Eng",NA,"int3_st5",1,2,4,1,2,2
14,"MC2","sos",NA,NA,NA,"Hanna","Eng",NA,"int1_st1",0,0,0,0,0,0
14,"MC2","sos",NA,NA,NA,"Hanna","Eng",NA,"int1_st2",1,0,1,0,0,1
14,"MC2","sos",NA,NA,NA,"Hanna","Eng",NA,"int1_st3",0,0,2,0,0,2
14,"MC2","sos",NA,NA,NA,"Hanna","Eng",NA,"int1_st4",0,0,3,1,0,3
14,"MC2","sos",NA,NA,NA,"Hanna","Eng",NA,"int1_st5",0,0,4,1,0,4
14,"MC2","sos",NA,NA,NA,"Hanna","Eng",NA,"int2_st1",0,1,0,0,0,0
14,"MC2","sos",NA,NA,NA,"Hanna","Eng",NA,"int2_st2",1,1,1,0,1,0
14,"MC2","sos",NA,NA,NA,"Hanna","Eng",NA,"int2_st3",0,1,2,0,1,1
14,"MC2","sos",NA,NA,NA,"Hanna","Eng",NA,"int2_st4",0,1,3,1,1,2
14,"MC2","sos",NA,NA,NA,"Hanna","Eng",NA,"int2_st5",0,1,4,1,1,3
14,"MC2","sos",NA,NA,NA,"Hanna","Eng",NA,"int3_st1",0,2,0,0,0,0
14,"MC2","sos",NA,NA,NA,"Hanna","Eng",NA,"int3_st2",1,2,1,0,1,0
14,"MC2","sos",NA,NA,NA,"Hanna","Eng",NA,"int3_st3",0,2,2,0,2,0
14,"MC2","sos",NA,NA,NA,"Hanna","Eng",NA,"int3_st4",0,2,3,1,2,1
14,"MC2","sos",NA,NA,NA,"Hanna","Eng",NA,"int3_st5",0,2,4,1,2,2
15,"MC2","direct",NA,NA,NA,"Minna","Swe",NA,"int1_st1",5,0,0,0,0,0
15,"MC2","direct",NA,NA,NA,"Minna","Swe",NA,"int1_st2",1,0,1,0,0,1
15,"MC2","direct",NA,NA,NA,"Minna","Swe",NA,"int1_st3",1,0,2,0,0,2
15,"MC2","direct",NA,NA,NA,"Minna","Swe",NA,"int1_st4",2,0,3,1,0,3
15,"MC2","direct",NA,NA,NA,"Minna","Swe",NA,"int1_st5",1,0,4,1,0,4
15,"MC2","direct",NA,NA,NA,"Minna","Swe",NA,"int2_st1",5,1,0,0,0,0
15,"MC2","direct",NA,NA,NA,"Minna","Swe",NA,"int2_st2",1,1,1,0,1,0
15,"MC2","direct",NA,NA,NA,"Minna","Swe",NA,"int2_st3",1,1,2,0,1,1
15,"MC2","direct",NA,NA,NA,"Minna","Swe",NA,"int2_st4",2,1,3,1,1,2
15,"MC2","direct",NA,NA,NA,"Minna","Swe",NA,"int2_st5",1,1,4,1,1,3
15,"MC2","direct",NA,NA,NA,"Minna","Swe",NA,"int3_st1",5,2,0,0,0,0
15,"MC2","direct",NA,NA,NA,"Minna","Swe",NA,"int3_st2",1,2,1,0,1,0
15,"MC2","direct",NA,NA,NA,"Minna","Swe",NA,"int3_st3",1,2,2,0,2,0
15,"MC2","direct",NA,NA,NA,"Minna","Swe",NA,"int3_st4",2,2,3,1,2,1
15,"MC2","direct",NA,NA,NA,"Minna","Swe",NA,"int3_st5",1,2,4,1,2,2
16,"MC3","direct",NA,NA,NA,"Naiara","Eng",NA,"int1_st1",0,0,0,0,0,0
16,"MC3","direct",NA,NA,NA,"Naiara","Eng",NA,"int1_st2",1,0,1,0,0,1
16,"MC3","direct",NA,NA,NA,"Naiara","Eng",NA,"int1_st3",0,0,2,0,0,2
16,"MC3","direct",NA,NA,NA,"Naiara","Eng",NA,"int1_st4",1,0,3,1,0,3
16,"MC3","direct",NA,NA,NA,"Naiara","Eng",NA,"int1_st5",0,0,4,1,0,4
16,"MC3","direct",NA,NA,NA,"Naiara","Eng",NA,"int2_st1",0,1,0,0,0,0
16,"MC3","direct",NA,NA,NA,"Naiara","Eng",NA,"int2_st2",1,1,1,0,1,0
16,"MC3","direct",NA,NA,NA,"Naiara","Eng",NA,"int2_st3",0,1,2,0,1,1
16,"MC3","direct",NA,NA,NA,"Naiara","Eng",NA,"int2_st4",1,1,3,1,1,2
16,"MC3","direct",NA,NA,NA,"Naiara","Eng",NA,"int2_st5",0,1,4,1,1,3
16,"MC3","direct",NA,NA,NA,"Naiara","Eng",NA,"int3_st1",0,2,0,0,0,0
16,"MC3","direct",NA,NA,NA,"Naiara","Eng",NA,"int3_st2",1,2,1,0,1,0
16,"MC3","direct",NA,NA,NA,"Naiara","Eng",NA,"int3_st3",0,2,2,0,2,0
16,"MC3","direct",NA,NA,NA,"Naiara","Eng",NA,"int3_st4",1,2,3,1,2,1
16,"MC3","direct",NA,NA,NA,"Naiara","Eng",NA,"int3_st5",0,2,4,1,2,2
17,"MC1","direct",NA,NA,NA,"Karishma","Eng",NA,"int1_st1",4,0,0,0,0,0
17,"MC1","direct",NA,NA,NA,"Karishma","Eng",NA,"int1_st2",0,0,1,0,0,1
17,"MC1","direct",NA,NA,NA,"Karishma","Eng",NA,"int1_st3",1,0,2,0,0,2
17,"MC1","direct",NA,NA,NA,"Karishma","Eng",NA,"int1_st4",2,0,3,1,0,3
17,"MC1","direct",NA,NA,NA,"Karishma","Eng",NA,"int1_st5",0,0,4,1,0,4
17,"MC1","direct",NA,NA,NA,"Karishma","Eng",NA,"int2_st1",4,1,0,0,0,0
17,"MC1","direct",NA,NA,NA,"Karishma","Eng",NA,"int2_st2",0,1,1,0,1,0
17,"MC1","direct",NA,NA,NA,"Karishma","Eng",NA,"int2_st3",1,1,2,0,1,1
17,"MC1","direct",NA,NA,NA,"Karishma","Eng",NA,"int2_st4",2,1,3,1,1,2
17,"MC1","direct",NA,NA,NA,"Karishma","Eng",NA,"int2_st5",1,1,4,1,1,3
17,"MC1","direct",NA,NA,NA,"Karishma","Eng",NA,"int3_st1",NA,2,0,0,0,0
17,"MC1","direct",NA,NA,NA,"Karishma","Eng",NA,"int3_st2",NA,2,1,0,1,0
17,"MC1","direct",NA,NA,NA,"Karishma","Eng",NA,"int3_st3",NA,2,2,0,2,0
17,"MC1","direct",NA,NA,NA,"Karishma","Eng",NA,"int3_st4",NA,2,3,1,2,1
17,"MC1","direct",NA,NA,NA,"Karishma","Eng",NA,"int3_st5",NA,2,4,1,2,2
18,"MC2","direct",NA,NA,NA,"Hanna","Eng",NA,"int1_st1",1,0,0,0,0,0
18,"MC2","direct",NA,NA,NA,"Hanna","Eng",NA,"int1_st2",1,0,1,0,0,1
18,"MC2","direct",NA,NA,NA,"Hanna","Eng",NA,"int1_st3",1,0,2,0,0,2
18,"MC2","direct",NA,NA,NA,"Hanna","Eng",NA,"int1_st4",0,0,3,1,0,3
18,"MC2","direct",NA,NA,NA,"Hanna","Eng",NA,"int1_st5",0,0,4,1,0,4
18,"MC2","direct",NA,NA,NA,"Hanna","Eng",NA,"int2_st1",1,1,0,0,0,0
18,"MC2","direct",NA,NA,NA,"Hanna","Eng",NA,"int2_st2",1,1,1,0,1,0
18,"MC2","direct",NA,NA,NA,"Hanna","Eng",NA,"int2_st3",0,1,2,0,1,1
18,"MC2","direct",NA,NA,NA,"Hanna","Eng",NA,"int2_st4",0,1,3,1,1,2
18,"MC2","direct",NA,NA,NA,"Hanna","Eng",NA,"int2_st5",0,1,4,1,1,3
18,"MC2","direct",NA,NA,NA,"Hanna","Eng",NA,"int3_st1",0,2,0,0,0,0
18,"MC2","direct",NA,NA,NA,"Hanna","Eng",NA,"int3_st2",1,2,1,0,1,0
18,"MC2","direct",NA,NA,NA,"Hanna","Eng",NA,"int3_st3",1,2,2,0,2,0
18,"MC2","direct",NA,NA,NA,"Hanna","Eng",NA,"int3_st4",0,2,3,1,2,1
18,"MC2","direct",NA,NA,NA,"Hanna","Eng",NA,"int3_st5",0,2,4,1,2,2
19,"MC1","sos",NA,NA,NA,"Sandra","Swe",NA,"int1_st1",1,0,0,0,0,0
19,"MC1","sos",NA,NA,NA,"Sandra","Swe",NA,"int1_st2",0,0,1,0,0,1
19,"MC1","sos",NA,NA,NA,"Sandra","Swe",NA,"int1_st3",0,0,2,0,0,2
19,"MC1","sos",NA,NA,NA,"Sandra","Swe",NA,"int1_st4",0,0,3,1,0,3
19,"MC1","sos",NA,NA,NA,"Sandra","Swe",NA,"int1_st5",0,0,4,1,0,4
19,"MC1","sos",NA,NA,NA,"Sandra","Swe",NA,"int2_st1",2,1,0,0,0,0
19,"MC1","sos",NA,NA,NA,"Sandra","Swe",NA,"int2_st2",0,1,1,0,1,0
19,"MC1","sos",NA,NA,NA,"Sandra","Swe",NA,"int2_st3",1,1,2,0,1,1
19,"MC1","sos",NA,NA,NA,"Sandra","Swe",NA,"int2_st4",0,1,3,1,1,2
19,"MC1","sos",NA,NA,NA,"Sandra","Swe",NA,"int2_st5",0,1,4,1,1,3
19,"MC1","sos",NA,NA,NA,"Sandra","Swe",NA,"int3_st1",2,2,0,0,0,0
19,"MC1","sos",NA,NA,NA,"Sandra","Swe",NA,"int3_st2",0,2,1,0,1,0
19,"MC1","sos",NA,NA,NA,"Sandra","Swe",NA,"int3_st3",1,2,2,0,2,0
19,"MC1","sos",NA,NA,NA,"Sandra","Swe",NA,"int3_st4",0,2,3,1,2,1
19,"MC1","sos",NA,NA,NA,"Sandra","Swe",NA,"int3_st5",0,2,4,1,2,2
20,"MC3","direct",NA,NA,NA,"Naiara","Eng",NA,"int1_st1",0,0,0,0,0,0
20,"MC3","direct",NA,NA,NA,"Naiara","Eng",NA,"int1_st2",2,0,1,0,0,1
20,"MC3","direct",NA,NA,NA,"Naiara","Eng",NA,"int1_st3",1,0,2,0,0,2
20,"MC3","direct",NA,NA,NA,"Naiara","Eng",NA,"int1_st4",1,0,3,1,0,3
20,"MC3","direct",NA,NA,NA,"Naiara","Eng",NA,"int1_st5",0,0,4,1,0,4
20,"MC3","direct",NA,NA,NA,"Naiara","Eng",NA,"int2_st1",0,1,0,0,0,0
20,"MC3","direct",NA,NA,NA,"Naiara","Eng",NA,"int2_st2",3,1,1,0,1,0
20,"MC3","direct",NA,NA,NA,"Naiara","Eng",NA,"int2_st3",0,1,2,0,1,1
20,"MC3","direct",NA,NA,NA,"Naiara","Eng",NA,"int2_st4",0,1,3,1,1,2
20,"MC3","direct",NA,NA,NA,"Naiara","Eng",NA,"int2_st5",0,1,4,1,1,3
20,"MC3","direct",NA,NA,NA,"Naiara","Eng",NA,"int3_st1",0,2,0,0,0,0
20,"MC3","direct",NA,NA,NA,"Naiara","Eng",NA,"int3_st2",3,2,1,0,1,0
20,"MC3","direct",NA,NA,NA,"Naiara","Eng",NA,"int3_st3",3,2,2,0,2,0
20,"MC3","direct",NA,NA,NA,"Naiara","Eng",NA,"int3_st4",0,2,3,1,2,1
20,"MC3","direct",NA,NA,NA,"Naiara","Eng",NA,"int3_st5",0,2,4,1,2,2
21,"MC2","sos","Start: 1:32                                       End: 6:08","Start: 2: 34 End: 9:59","Start: 1:53 End: 2:56","Naiara","Eng",NA,"int1_st1",4,0,0,0,0,0
21,"MC2","sos","Start: 1:32                                       End: 6:08","Start: 2: 34 End: 9:59","Start: 1:53 End: 2:56","Naiara","Eng",NA,"int1_st2",1,0,1,0,0,1
21,"MC2","sos","Start: 1:32                                       End: 6:08","Start: 2: 34 End: 9:59","Start: 1:53 End: 2:56","Naiara","Eng",NA,"int1_st3",0,0,2,0,0,2
21,"MC2","sos","Start: 1:32                                       End: 6:08","Start: 2: 34 End: 9:59","Start: 1:53 End: 2:56","Naiara","Eng",NA,"int1_st4",0,0,3,1,0,3
21,"MC2","sos","Start: 1:32                                       End: 6:08","Start: 2: 34 End: 9:59","Start: 1:53 End: 2:56","Naiara","Eng",NA,"int1_st5",0,0,4,1,0,4
21,"MC2","sos","Start: 1:32                                       End: 6:08","Start: 2: 34 End: 9:59","Start: 1:53 End: 2:56","Naiara","Eng",NA,"int2_st1",3,1,0,0,0,0
21,"MC2","sos","Start: 1:32                                       End: 6:08","Start: 2: 34 End: 9:59","Start: 1:53 End: 2:56","Naiara","Eng",NA,"int2_st2",4,1,1,0,1,0
21,"MC2","sos","Start: 1:32                                       End: 6:08","Start: 2: 34 End: 9:59","Start: 1:53 End: 2:56","Naiara","Eng",NA,"int2_st3",0,1,2,0,1,1
21,"MC2","sos","Start: 1:32                                       End: 6:08","Start: 2: 34 End: 9:59","Start: 1:53 End: 2:56","Naiara","Eng",NA,"int2_st4",0,1,3,1,1,2
21,"MC2","sos","Start: 1:32                                       End: 6:08","Start: 2: 34 End: 9:59","Start: 1:53 End: 2:56","Naiara","Eng",NA,"int2_st5",0,1,4,1,1,3
21,"MC2","sos","Start: 1:32                                       End: 6:08","Start: 2: 34 End: 9:59","Start: 1:53 End: 2:56","Naiara","Eng",NA,"int3_st1",3,2,0,0,0,0
21,"MC2","sos","Start: 1:32                                       End: 6:08","Start: 2: 34 End: 9:59","Start: 1:53 End: 2:56","Naiara","Eng",NA,"int3_st2",4,2,1,0,1,0
21,"MC2","sos","Start: 1:32                                       End: 6:08","Start: 2: 34 End: 9:59","Start: 1:53 End: 2:56","Naiara","Eng",NA,"int3_st3",0,2,2,0,2,0
21,"MC2","sos","Start: 1:32                                       End: 6:08","Start: 2: 34 End: 9:59","Start: 1:53 End: 2:56","Naiara","Eng",NA,"int3_st4",0,2,3,1,2,1
21,"MC2","sos","Start: 1:32                                       End: 6:08","Start: 2: 34 End: 9:59","Start: 1:53 End: 2:56","Naiara","Eng",NA,"int3_st5",0,2,4,1,2,2
22,"MC1","direct",NA,NA,NA,"Minna","Swe",NA,"int1_st1",3,0,0,0,0,0
22,"MC1","direct",NA,NA,NA,"Minna","Swe",NA,"int1_st2",0,0,1,0,0,1
22,"MC1","direct",NA,NA,NA,"Minna","Swe",NA,"int1_st3",0,0,2,0,0,2
22,"MC1","direct",NA,NA,NA,"Minna","Swe",NA,"int1_st4",1,0,3,1,0,3
22,"MC1","direct",NA,NA,NA,"Minna","Swe",NA,"int1_st5",0,0,4,1,0,4
22,"MC1","direct",NA,NA,NA,"Minna","Swe",NA,"int2_st1",3,1,0,0,0,0
22,"MC1","direct",NA,NA,NA,"Minna","Swe",NA,"int2_st2",0,1,1,0,1,0
22,"MC1","direct",NA,NA,NA,"Minna","Swe",NA,"int2_st3",0,1,2,0,1,1
22,"MC1","direct",NA,NA,NA,"Minna","Swe",NA,"int2_st4",2,1,3,1,1,2
22,"MC1","direct",NA,NA,NA,"Minna","Swe",NA,"int2_st5",0,1,4,1,1,3
22,"MC1","direct",NA,NA,NA,"Minna","Swe",NA,"int3_st1",3,2,0,0,0,0
22,"MC1","direct",NA,NA,NA,"Minna","Swe",NA,"int3_st2",0,2,1,0,1,0
22,"MC1","direct",NA,NA,NA,"Minna","Swe",NA,"int3_st3",1,2,2,0,2,0
22,"MC1","direct",NA,NA,NA,"Minna","Swe",NA,"int3_st4",2,2,3,1,2,1
22,"MC1","direct",NA,NA,NA,"Minna","Swe",NA,"int3_st5",0,2,4,1,2,2
23,"MC2","sos","Start: 4:31 End: 10:51","Start: 1:44 End:8:58","Start: 2:00 End: 16:14","Karishma","Eng","Timothy did interview #1","int1_st1",4,0,0,0,0,0
23,"MC2","sos","Start: 4:31 End: 10:51","Start: 1:44 End:8:58","Start: 2:00 End: 16:14","Karishma","Eng","Timothy did interview #1","int1_st2",2,0,1,0,0,1
23,"MC2","sos","Start: 4:31 End: 10:51","Start: 1:44 End:8:58","Start: 2:00 End: 16:14","Karishma","Eng","Timothy did interview #1","int1_st3",1,0,2,0,0,2
23,"MC2","sos","Start: 4:31 End: 10:51","Start: 1:44 End:8:58","Start: 2:00 End: 16:14","Karishma","Eng","Timothy did interview #1","int1_st4",2,0,3,1,0,3
23,"MC2","sos","Start: 4:31 End: 10:51","Start: 1:44 End:8:58","Start: 2:00 End: 16:14","Karishma","Eng","Timothy did interview #1","int1_st5",1,0,4,1,0,4
23,"MC2","sos","Start: 4:31 End: 10:51","Start: 1:44 End:8:58","Start: 2:00 End: 16:14","Karishma","Eng","Timothy did interview #1","int2_st1",2,1,0,0,0,0
23,"MC2","sos","Start: 4:31 End: 10:51","Start: 1:44 End:8:58","Start: 2:00 End: 16:14","Karishma","Eng","Timothy did interview #1","int2_st2",1,1,1,0,1,0
23,"MC2","sos","Start: 4:31 End: 10:51","Start: 1:44 End:8:58","Start: 2:00 End: 16:14","Karishma","Eng","Timothy did interview #1","int2_st3",0,1,2,0,1,1
23,"MC2","sos","Start: 4:31 End: 10:51","Start: 1:44 End:8:58","Start: 2:00 End: 16:14","Karishma","Eng","Timothy did interview #1","int2_st4",2,1,3,1,1,2
23,"MC2","sos","Start: 4:31 End: 10:51","Start: 1:44 End:8:58","Start: 2:00 End: 16:14","Karishma","Eng","Timothy did interview #1","int2_st5",0,1,4,1,1,3
23,"MC2","sos","Start: 4:31 End: 10:51","Start: 1:44 End:8:58","Start: 2:00 End: 16:14","Karishma","Eng","Timothy did interview #1","int3_st1",4,2,0,0,0,0
23,"MC2","sos","Start: 4:31 End: 10:51","Start: 1:44 End:8:58","Start: 2:00 End: 16:14","Karishma","Eng","Timothy did interview #1","int3_st2",4,2,1,0,1,0
23,"MC2","sos","Start: 4:31 End: 10:51","Start: 1:44 End:8:58","Start: 2:00 End: 16:14","Karishma","Eng","Timothy did interview #1","int3_st3",1,2,2,0,2,0
23,"MC2","sos","Start: 4:31 End: 10:51","Start: 1:44 End:8:58","Start: 2:00 End: 16:14","Karishma","Eng","Timothy did interview #1","int3_st4",2,2,3,1,2,1
23,"MC2","sos","Start: 4:31 End: 10:51","Start: 1:44 End:8:58","Start: 2:00 End: 16:14","Karishma","Eng","Timothy did interview #1","int3_st5",0,2,4,1,2,2
24,"MC3","direct","Start:1:37 End: 3:28","Start: 4:01 End: 18:17","Start:2:17 End: 13:57","Naiara","Eng",NA,"int1_st1",0,0,0,0,0,0
24,"MC3","direct","Start:1:37 End: 3:28","Start: 4:01 End: 18:17","Start:2:17 End: 13:57","Naiara","Eng",NA,"int1_st2",0,0,1,0,0,1
24,"MC3","direct","Start:1:37 End: 3:28","Start: 4:01 End: 18:17","Start:2:17 End: 13:57","Naiara","Eng",NA,"int1_st3",0,0,2,0,0,2
24,"MC3","direct","Start:1:37 End: 3:28","Start: 4:01 End: 18:17","Start:2:17 End: 13:57","Naiara","Eng",NA,"int1_st4",0,0,3,1,0,3
24,"MC3","direct","Start:1:37 End: 3:28","Start: 4:01 End: 18:17","Start:2:17 End: 13:57","Naiara","Eng",NA,"int1_st5",0,0,4,1,0,4
24,"MC3","direct","Start:1:37 End: 3:28","Start: 4:01 End: 18:17","Start:2:17 End: 13:57","Naiara","Eng",NA,"int2_st1",0,1,0,0,0,0
24,"MC3","direct","Start:1:37 End: 3:28","Start: 4:01 End: 18:17","Start:2:17 End: 13:57","Naiara","Eng",NA,"int2_st2",1,1,1,0,1,0
24,"MC3","direct","Start:1:37 End: 3:28","Start: 4:01 End: 18:17","Start:2:17 End: 13:57","Naiara","Eng",NA,"int2_st3",0,1,2,0,1,1
24,"MC3","direct","Start:1:37 End: 3:28","Start: 4:01 End: 18:17","Start:2:17 End: 13:57","Naiara","Eng",NA,"int2_st4",0,1,3,1,1,2
24,"MC3","direct","Start:1:37 End: 3:28","Start: 4:01 End: 18:17","Start:2:17 End: 13:57","Naiara","Eng",NA,"int2_st5",0,1,4,1,1,3
24,"MC3","direct","Start:1:37 End: 3:28","Start: 4:01 End: 18:17","Start:2:17 End: 13:57","Naiara","Eng",NA,"int3_st1",0,2,0,0,0,0
24,"MC3","direct","Start:1:37 End: 3:28","Start: 4:01 End: 18:17","Start:2:17 End: 13:57","Naiara","Eng",NA,"int3_st2",1,2,1,0,1,0
24,"MC3","direct","Start:1:37 End: 3:28","Start: 4:01 End: 18:17","Start:2:17 End: 13:57","Naiara","Eng",NA,"int3_st3",0,2,2,0,2,0
24,"MC3","direct","Start:1:37 End: 3:28","Start: 4:01 End: 18:17","Start:2:17 End: 13:57","Naiara","Eng",NA,"int3_st4",1,2,3,1,2,1
24,"MC3","direct","Start:1:37 End: 3:28","Start: 4:01 End: 18:17","Start:2:17 End: 13:57","Naiara","Eng",NA,"int3_st5",0,2,4,1,2,2
25,"MC2","direct","Start: 1: 05 End: 11:29","Start: 1:56 End:6:06","Start: 1:29 End: 6:23","Hanna","Eng",NA,"int1_st1",1,0,0,0,0,0
25,"MC2","direct","Start: 1: 05 End: 11:29","Start: 1:56 End:6:06","Start: 1:29 End: 6:23","Hanna","Eng",NA,"int1_st2",1,0,1,0,0,1
25,"MC2","direct","Start: 1: 05 End: 11:29","Start: 1:56 End:6:06","Start: 1:29 End: 6:23","Hanna","Eng",NA,"int1_st3",0,0,2,0,0,2
25,"MC2","direct","Start: 1: 05 End: 11:29","Start: 1:56 End:6:06","Start: 1:29 End: 6:23","Hanna","Eng",NA,"int1_st4",2,0,3,1,0,3
25,"MC2","direct","Start: 1: 05 End: 11:29","Start: 1:56 End:6:06","Start: 1:29 End: 6:23","Hanna","Eng",NA,"int1_st5",1,0,4,1,0,4
25,"MC2","direct","Start: 1: 05 End: 11:29","Start: 1:56 End:6:06","Start: 1:29 End: 6:23","Hanna","Eng",NA,"int2_st1",0,1,0,0,0,0
25,"MC2","direct","Start: 1: 05 End: 11:29","Start: 1:56 End:6:06","Start: 1:29 End: 6:23","Hanna","Eng",NA,"int2_st2",1,1,1,0,1,0
25,"MC2","direct","Start: 1: 05 End: 11:29","Start: 1:56 End:6:06","Start: 1:29 End: 6:23","Hanna","Eng",NA,"int2_st3",0,1,2,0,1,1
25,"MC2","direct","Start: 1: 05 End: 11:29","Start: 1:56 End:6:06","Start: 1:29 End: 6:23","Hanna","Eng",NA,"int2_st4",0,1,3,1,1,2
25,"MC2","direct","Start: 1: 05 End: 11:29","Start: 1:56 End:6:06","Start: 1:29 End: 6:23","Hanna","Eng",NA,"int2_st5",0,1,4,1,1,3
25,"MC2","direct","Start: 1: 05 End: 11:29","Start: 1:56 End:6:06","Start: 1:29 End: 6:23","Hanna","Eng",NA,"int3_st1",0,2,0,0,0,0
25,"MC2","direct","Start: 1: 05 End: 11:29","Start: 1:56 End:6:06","Start: 1:29 End: 6:23","Hanna","Eng",NA,"int3_st2",1,2,1,0,1,0
25,"MC2","direct","Start: 1: 05 End: 11:29","Start: 1:56 End:6:06","Start: 1:29 End: 6:23","Hanna","Eng",NA,"int3_st3",0,2,2,0,2,0
25,"MC2","direct","Start: 1: 05 End: 11:29","Start: 1:56 End:6:06","Start: 1:29 End: 6:23","Hanna","Eng",NA,"int3_st4",0,2,3,1,2,1
25,"MC2","direct","Start: 1: 05 End: 11:29","Start: 1:56 End:6:06","Start: 1:29 End: 6:23","Hanna","Eng",NA,"int3_st5",0,2,4,1,2,2
26,"MC2","direct","Start: 1:44 End: 8:44","Start: 1:47 End 7:40","Start: 1:26 End: 7:51","Hanna","Eng",NA,"int1_st1",2,0,0,0,0,0
26,"MC2","direct","Start: 1:44 End: 8:44","Start: 1:47 End 7:40","Start: 1:26 End: 7:51","Hanna","Eng",NA,"int1_st2",1,0,1,0,0,1
26,"MC2","direct","Start: 1:44 End: 8:44","Start: 1:47 End 7:40","Start: 1:26 End: 7:51","Hanna","Eng",NA,"int1_st3",0,0,2,0,0,2
26,"MC2","direct","Start: 1:44 End: 8:44","Start: 1:47 End 7:40","Start: 1:26 End: 7:51","Hanna","Eng",NA,"int1_st4",0,0,3,1,0,3
26,"MC2","direct","Start: 1:44 End: 8:44","Start: 1:47 End 7:40","Start: 1:26 End: 7:51","Hanna","Eng",NA,"int1_st5",0,0,4,1,0,4
26,"MC2","direct","Start: 1:44 End: 8:44","Start: 1:47 End 7:40","Start: 1:26 End: 7:51","Hanna","Eng",NA,"int2_st1",2,1,0,0,0,0
26,"MC2","direct","Start: 1:44 End: 8:44","Start: 1:47 End 7:40","Start: 1:26 End: 7:51","Hanna","Eng",NA,"int2_st2",1,1,1,0,1,0
26,"MC2","direct","Start: 1:44 End: 8:44","Start: 1:47 End 7:40","Start: 1:26 End: 7:51","Hanna","Eng",NA,"int2_st3",0,1,2,0,1,1
26,"MC2","direct","Start: 1:44 End: 8:44","Start: 1:47 End 7:40","Start: 1:26 End: 7:51","Hanna","Eng",NA,"int2_st4",0,1,3,1,1,2
26,"MC2","direct","Start: 1:44 End: 8:44","Start: 1:47 End 7:40","Start: 1:26 End: 7:51","Hanna","Eng",NA,"int2_st5",0,1,4,1,1,3
26,"MC2","direct","Start: 1:44 End: 8:44","Start: 1:47 End 7:40","Start: 1:26 End: 7:51","Hanna","Eng",NA,"int3_st1",2,2,0,0,0,0
26,"MC2","direct","Start: 1:44 End: 8:44","Start: 1:47 End 7:40","Start: 1:26 End: 7:51","Hanna","Eng",NA,"int3_st2",1,2,1,0,1,0
26,"MC2","direct","Start: 1:44 End: 8:44","Start: 1:47 End 7:40","Start: 1:26 End: 7:51","Hanna","Eng",NA,"int3_st3",1,2,2,0,2,0
26,"MC2","direct","Start: 1:44 End: 8:44","Start: 1:47 End 7:40","Start: 1:26 End: 7:51","Hanna","Eng",NA,"int3_st4",0,2,3,1,2,1
26,"MC2","direct","Start: 1:44 End: 8:44","Start: 1:47 End 7:40","Start: 1:26 End: 7:51","Hanna","Eng",NA,"int3_st5",0,2,4,1,2,2
27,"MC2","direct","Start: 3:05 End: 4:24","Start: 1:09 End: 2:46","Start: 1:15 End: 2:57","Naiara","Eng",NA,"int1_st1",0,0,0,0,0,0
27,"MC2","direct","Start: 3:05 End: 4:24","Start: 1:09 End: 2:46","Start: 1:15 End: 2:57","Naiara","Eng",NA,"int1_st2",0,0,1,0,0,1
27,"MC2","direct","Start: 3:05 End: 4:24","Start: 1:09 End: 2:46","Start: 1:15 End: 2:57","Naiara","Eng",NA,"int1_st3",0,0,2,0,0,2
27,"MC2","direct","Start: 3:05 End: 4:24","Start: 1:09 End: 2:46","Start: 1:15 End: 2:57","Naiara","Eng",NA,"int1_st4",0,0,3,1,0,3
27,"MC2","direct","Start: 3:05 End: 4:24","Start: 1:09 End: 2:46","Start: 1:15 End: 2:57","Naiara","Eng",NA,"int1_st5",0,0,4,1,0,4
27,"MC2","direct","Start: 3:05 End: 4:24","Start: 1:09 End: 2:46","Start: 1:15 End: 2:57","Naiara","Eng",NA,"int2_st1",0,1,0,0,0,0
27,"MC2","direct","Start: 3:05 End: 4:24","Start: 1:09 End: 2:46","Start: 1:15 End: 2:57","Naiara","Eng",NA,"int2_st2",0,1,1,0,1,0
27,"MC2","direct","Start: 3:05 End: 4:24","Start: 1:09 End: 2:46","Start: 1:15 End: 2:57","Naiara","Eng",NA,"int2_st3",0,1,2,0,1,1
27,"MC2","direct","Start: 3:05 End: 4:24","Start: 1:09 End: 2:46","Start: 1:15 End: 2:57","Naiara","Eng",NA,"int2_st4",0,1,3,1,1,2
27,"MC2","direct","Start: 3:05 End: 4:24","Start: 1:09 End: 2:46","Start: 1:15 End: 2:57","Naiara","Eng",NA,"int2_st5",0,1,4,1,1,3
27,"MC2","direct","Start: 3:05 End: 4:24","Start: 1:09 End: 2:46","Start: 1:15 End: 2:57","Naiara","Eng",NA,"int3_st1",0,2,0,0,0,0
27,"MC2","direct","Start: 3:05 End: 4:24","Start: 1:09 End: 2:46","Start: 1:15 End: 2:57","Naiara","Eng",NA,"int3_st2",0,2,1,0,1,0
27,"MC2","direct","Start: 3:05 End: 4:24","Start: 1:09 End: 2:46","Start: 1:15 End: 2:57","Naiara","Eng",NA,"int3_st3",0,2,2,0,2,0
27,"MC2","direct","Start: 3:05 End: 4:24","Start: 1:09 End: 2:46","Start: 1:15 End: 2:57","Naiara","Eng",NA,"int3_st4",0,2,3,1,2,1
27,"MC2","direct","Start: 3:05 End: 4:24","Start: 1:09 End: 2:46","Start: 1:15 End: 2:57","Naiara","Eng",NA,"int3_st5",0,2,4,1,2,2
28,"MC3","direct",NA,NA,NA,"Minna","Swe",NA,"int1_st1",2,0,0,0,0,0
28,"MC3","direct",NA,NA,NA,"Minna","Swe",NA,"int1_st2",2,0,1,0,0,1
28,"MC3","direct",NA,NA,NA,"Minna","Swe",NA,"int1_st3",2,0,2,0,0,2
28,"MC3","direct",NA,NA,NA,"Minna","Swe",NA,"int1_st4",1,0,3,1,0,3
28,"MC3","direct",NA,NA,NA,"Minna","Swe",NA,"int1_st5",1,0,4,1,0,4
28,"MC3","direct",NA,NA,NA,"Minna","Swe",NA,"int2_st1",2,1,0,0,0,0
28,"MC3","direct",NA,NA,NA,"Minna","Swe",NA,"int2_st2",2,1,1,0,1,0
28,"MC3","direct",NA,NA,NA,"Minna","Swe",NA,"int2_st3",2,1,2,0,1,1
28,"MC3","direct",NA,NA,NA,"Minna","Swe",NA,"int2_st4",1,1,3,1,1,2
28,"MC3","direct",NA,NA,NA,"Minna","Swe",NA,"int2_st5",1,1,4,1,1,3
28,"MC3","direct",NA,NA,NA,"Minna","Swe",NA,"int3_st1",2,2,0,0,0,0
28,"MC3","direct",NA,NA,NA,"Minna","Swe",NA,"int3_st2",2,2,1,0,1,0
28,"MC3","direct",NA,NA,NA,"Minna","Swe",NA,"int3_st3",3,2,2,0,2,0
28,"MC3","direct",NA,NA,NA,"Minna","Swe",NA,"int3_st4",1,2,3,1,2,1
28,"MC3","direct",NA,NA,NA,"Minna","Swe",NA,"int3_st5",1,2,4,1,2,2
29,"MC1","sos","Start: 1:46 End 7:23","Start: 2:26 End: 9:45","Start: 2:05 End: 11:34","Hanna","Eng",NA,"int1_st1",3,0,0,0,0,0
29,"MC1","sos","Start: 1:46 End 7:23","Start: 2:26 End: 9:45","Start: 2:05 End: 11:34","Hanna","Eng",NA,"int1_st2",0,0,1,0,0,1
29,"MC1","sos","Start: 1:46 End 7:23","Start: 2:26 End: 9:45","Start: 2:05 End: 11:34","Hanna","Eng",NA,"int1_st3",1,0,2,0,0,2
29,"MC1","sos","Start: 1:46 End 7:23","Start: 2:26 End: 9:45","Start: 2:05 End: 11:34","Hanna","Eng",NA,"int1_st4",2,0,3,1,0,3
29,"MC1","sos","Start: 1:46 End 7:23","Start: 2:26 End: 9:45","Start: 2:05 End: 11:34","Hanna","Eng",NA,"int1_st5",0,0,4,1,0,4
29,"MC1","sos","Start: 1:46 End 7:23","Start: 2:26 End: 9:45","Start: 2:05 End: 11:34","Hanna","Eng",NA,"int2_st1",2,1,0,0,0,0
29,"MC1","sos","Start: 1:46 End 7:23","Start: 2:26 End: 9:45","Start: 2:05 End: 11:34","Hanna","Eng",NA,"int2_st2",0,1,1,0,1,0
29,"MC1","sos","Start: 1:46 End 7:23","Start: 2:26 End: 9:45","Start: 2:05 End: 11:34","Hanna","Eng",NA,"int2_st3",1,1,2,0,1,1
29,"MC1","sos","Start: 1:46 End 7:23","Start: 2:26 End: 9:45","Start: 2:05 End: 11:34","Hanna","Eng",NA,"int2_st4",2,1,3,1,1,2
29,"MC1","sos","Start: 1:46 End 7:23","Start: 2:26 End: 9:45","Start: 2:05 End: 11:34","Hanna","Eng",NA,"int2_st5",0,1,4,1,1,3
29,"MC1","sos","Start: 1:46 End 7:23","Start: 2:26 End: 9:45","Start: 2:05 End: 11:34","Hanna","Eng",NA,"int3_st1",4,2,0,0,0,0
29,"MC1","sos","Start: 1:46 End 7:23","Start: 2:26 End: 9:45","Start: 2:05 End: 11:34","Hanna","Eng",NA,"int3_st2",0,2,1,0,1,0
29,"MC1","sos","Start: 1:46 End 7:23","Start: 2:26 End: 9:45","Start: 2:05 End: 11:34","Hanna","Eng",NA,"int3_st3",4,2,2,0,2,0
29,"MC1","sos","Start: 1:46 End 7:23","Start: 2:26 End: 9:45","Start: 2:05 End: 11:34","Hanna","Eng",NA,"int3_st4",1,2,3,1,2,1
29,"MC1","sos","Start: 1:46 End 7:23","Start: 2:26 End: 9:45","Start: 2:05 End: 11:34","Hanna","Eng",NA,"int3_st5",0,2,4,1,2,2
30,"MC1","sos","Start 1:34 End: 8:28","Start: 2:32 End: 11:54","Start: 2:50 End: 12:38","Hanna","Eng",NA,"int1_st1",2,0,0,0,0,0
30,"MC1","sos","Start 1:34 End: 8:28","Start: 2:32 End: 11:54","Start: 2:50 End: 12:38","Hanna","Eng",NA,"int1_st2",0,0,1,0,0,1
30,"MC1","sos","Start 1:34 End: 8:28","Start: 2:32 End: 11:54","Start: 2:50 End: 12:38","Hanna","Eng",NA,"int1_st3",1,0,2,0,0,2
30,"MC1","sos","Start 1:34 End: 8:28","Start: 2:32 End: 11:54","Start: 2:50 End: 12:38","Hanna","Eng",NA,"int1_st4",2,0,3,1,0,3
30,"MC1","sos","Start 1:34 End: 8:28","Start: 2:32 End: 11:54","Start: 2:50 End: 12:38","Hanna","Eng",NA,"int1_st5",1,0,4,1,0,4
30,"MC1","sos","Start 1:34 End: 8:28","Start: 2:32 End: 11:54","Start: 2:50 End: 12:38","Hanna","Eng",NA,"int2_st1",1,1,0,0,0,0
30,"MC1","sos","Start 1:34 End: 8:28","Start: 2:32 End: 11:54","Start: 2:50 End: 12:38","Hanna","Eng",NA,"int2_st2",0,1,1,0,1,0
30,"MC1","sos","Start 1:34 End: 8:28","Start: 2:32 End: 11:54","Start: 2:50 End: 12:38","Hanna","Eng",NA,"int2_st3",1,1,2,0,1,1
30,"MC1","sos","Start 1:34 End: 8:28","Start: 2:32 End: 11:54","Start: 2:50 End: 12:38","Hanna","Eng",NA,"int2_st4",2,1,3,1,1,2
30,"MC1","sos","Start 1:34 End: 8:28","Start: 2:32 End: 11:54","Start: 2:50 End: 12:38","Hanna","Eng",NA,"int2_st5",1,1,4,1,1,3
30,"MC1","sos","Start 1:34 End: 8:28","Start: 2:32 End: 11:54","Start: 2:50 End: 12:38","Hanna","Eng",NA,"int3_st1",2,2,0,0,0,0
30,"MC1","sos","Start 1:34 End: 8:28","Start: 2:32 End: 11:54","Start: 2:50 End: 12:38","Hanna","Eng",NA,"int3_st2",0,2,1,0,1,0
30,"MC1","sos","Start 1:34 End: 8:28","Start: 2:32 End: 11:54","Start: 2:50 End: 12:38","Hanna","Eng",NA,"int3_st3",2,2,2,0,2,0
30,"MC1","sos","Start 1:34 End: 8:28","Start: 2:32 End: 11:54","Start: 2:50 End: 12:38","Hanna","Eng",NA,"int3_st4",2,2,3,1,2,1
30,"MC1","sos","Start 1:34 End: 8:28","Start: 2:32 End: 11:54","Start: 2:50 End: 12:38","Hanna","Eng",NA,"int3_st5",1,2,4,1,2,2
31,"MC1","sos","01:31 to 06:05","01:07 to 07:28","01:12 to 08:23","Naiara","Eng",NA,"int1_st1",0,0,0,0,0,0
31,"MC1","sos","01:31 to 06:05","01:07 to 07:28","01:12 to 08:23","Naiara","Eng",NA,"int1_st2",0,0,1,0,0,1
31,"MC1","sos","01:31 to 06:05","01:07 to 07:28","01:12 to 08:23","Naiara","Eng",NA,"int1_st3",1,0,2,0,0,2
31,"MC1","sos","01:31 to 06:05","01:07 to 07:28","01:12 to 08:23","Naiara","Eng",NA,"int1_st4",1,0,3,1,0,3
31,"MC1","sos","01:31 to 06:05","01:07 to 07:28","01:12 to 08:23","Naiara","Eng",NA,"int1_st5",0,0,4,1,0,4
31,"MC1","sos","01:31 to 06:05","01:07 to 07:28","01:12 to 08:23","Naiara","Eng",NA,"int2_st1",0,1,0,0,0,0
31,"MC1","sos","01:31 to 06:05","01:07 to 07:28","01:12 to 08:23","Naiara","Eng",NA,"int2_st2",0,1,1,0,1,0
31,"MC1","sos","01:31 to 06:05","01:07 to 07:28","01:12 to 08:23","Naiara","Eng",NA,"int2_st3",1,1,2,0,1,1
31,"MC1","sos","01:31 to 06:05","01:07 to 07:28","01:12 to 08:23","Naiara","Eng",NA,"int2_st4",1,1,3,1,1,2
31,"MC1","sos","01:31 to 06:05","01:07 to 07:28","01:12 to 08:23","Naiara","Eng",NA,"int2_st5",0,1,4,1,1,3
31,"MC1","sos","01:31 to 06:05","01:07 to 07:28","01:12 to 08:23","Naiara","Eng",NA,"int3_st1",0,2,0,0,0,0
31,"MC1","sos","01:31 to 06:05","01:07 to 07:28","01:12 to 08:23","Naiara","Eng",NA,"int3_st2",0,2,1,0,1,0
31,"MC1","sos","01:31 to 06:05","01:07 to 07:28","01:12 to 08:23","Naiara","Eng",NA,"int3_st3",1,2,2,0,2,0
31,"MC1","sos","01:31 to 06:05","01:07 to 07:28","01:12 to 08:23","Naiara","Eng",NA,"int3_st4",1,2,3,1,2,1
31,"MC1","sos","01:31 to 06:05","01:07 to 07:28","01:12 to 08:23","Naiara","Eng",NA,"int3_st5",0,2,4,1,2,2
32,"MC1","direct","01:24 to 10:03","01:33 to 10:49","01:17 to 09:10","Naiara","Eng",NA,"int1_st1",2,0,0,0,0,0
32,"MC1","direct","01:24 to 10:03","01:33 to 10:49","01:17 to 09:10","Naiara","Eng",NA,"int1_st2",0,0,1,0,0,1
32,"MC1","direct","01:24 to 10:03","01:33 to 10:49","01:17 to 09:10","Naiara","Eng",NA,"int1_st3",2,0,2,0,0,2
32,"MC1","direct","01:24 to 10:03","01:33 to 10:49","01:17 to 09:10","Naiara","Eng",NA,"int1_st4",1,0,3,1,0,3
32,"MC1","direct","01:24 to 10:03","01:33 to 10:49","01:17 to 09:10","Naiara","Eng",NA,"int1_st5",0,0,4,1,0,4
32,"MC1","direct","01:24 to 10:03","01:33 to 10:49","01:17 to 09:10","Naiara","Eng",NA,"int2_st1",2,1,0,0,0,0
32,"MC1","direct","01:24 to 10:03","01:33 to 10:49","01:17 to 09:10","Naiara","Eng",NA,"int2_st2",0,1,1,0,1,0
32,"MC1","direct","01:24 to 10:03","01:33 to 10:49","01:17 to 09:10","Naiara","Eng",NA,"int2_st3",2,1,2,0,1,1
32,"MC1","direct","01:24 to 10:03","01:33 to 10:49","01:17 to 09:10","Naiara","Eng",NA,"int2_st4",1,1,3,1,1,2
32,"MC1","direct","01:24 to 10:03","01:33 to 10:49","01:17 to 09:10","Naiara","Eng",NA,"int2_st5",0,1,4,1,1,3
32,"MC1","direct","01:24 to 10:03","01:33 to 10:49","01:17 to 09:10","Naiara","Eng",NA,"int3_st1",2,2,0,0,0,0
32,"MC1","direct","01:24 to 10:03","01:33 to 10:49","01:17 to 09:10","Naiara","Eng",NA,"int3_st2",3,2,1,0,1,0
32,"MC1","direct","01:24 to 10:03","01:33 to 10:49","01:17 to 09:10","Naiara","Eng",NA,"int3_st3",2,2,2,0,2,0
32,"MC1","direct","01:24 to 10:03","01:33 to 10:49","01:17 to 09:10","Naiara","Eng",NA,"int3_st4",1,2,3,1,2,1
32,"MC1","direct","01:24 to 10:03","01:33 to 10:49","01:17 to 09:10","Naiara","Eng",NA,"int3_st5",0,2,4,1,2,2
33,"MC3","direct","01:20 to 04:20","01:42 to 05:38","01:00 to 05:28","Karishma","Eng",NA,"int1_st1",0,0,0,0,0,0
33,"MC3","direct","01:20 to 04:20","01:42 to 05:38","01:00 to 05:28","Karishma","Eng",NA,"int1_st2",1,0,1,0,0,1
33,"MC3","direct","01:20 to 04:20","01:42 to 05:38","01:00 to 05:28","Karishma","Eng",NA,"int1_st3",1,0,2,0,0,2
33,"MC3","direct","01:20 to 04:20","01:42 to 05:38","01:00 to 05:28","Karishma","Eng",NA,"int1_st4",0,0,3,1,0,3
33,"MC3","direct","01:20 to 04:20","01:42 to 05:38","01:00 to 05:28","Karishma","Eng",NA,"int1_st5",0,0,4,1,0,4
33,"MC3","direct","01:20 to 04:20","01:42 to 05:38","01:00 to 05:28","Karishma","Eng",NA,"int2_st1",0,1,0,0,0,0
33,"MC3","direct","01:20 to 04:20","01:42 to 05:38","01:00 to 05:28","Karishma","Eng",NA,"int2_st2",1,1,1,0,1,0
33,"MC3","direct","01:20 to 04:20","01:42 to 05:38","01:00 to 05:28","Karishma","Eng",NA,"int2_st3",1,1,2,0,1,1
33,"MC3","direct","01:20 to 04:20","01:42 to 05:38","01:00 to 05:28","Karishma","Eng",NA,"int2_st4",0,1,3,1,1,2
33,"MC3","direct","01:20 to 04:20","01:42 to 05:38","01:00 to 05:28","Karishma","Eng",NA,"int2_st5",0,1,4,1,1,3
33,"MC3","direct","01:20 to 04:20","01:42 to 05:38","01:00 to 05:28","Karishma","Eng",NA,"int3_st1",0,2,0,0,0,0
33,"MC3","direct","01:20 to 04:20","01:42 to 05:38","01:00 to 05:28","Karishma","Eng",NA,"int3_st2",1,2,1,0,1,0
33,"MC3","direct","01:20 to 04:20","01:42 to 05:38","01:00 to 05:28","Karishma","Eng",NA,"int3_st3",2,2,2,0,2,0
33,"MC3","direct","01:20 to 04:20","01:42 to 05:38","01:00 to 05:28","Karishma","Eng",NA,"int3_st4",0,2,3,1,2,1
33,"MC3","direct","01:20 to 04:20","01:42 to 05:38","01:00 to 05:28","Karishma","Eng",NA,"int3_st5",0,2,4,1,2,2
34,"MC3","sos","00:57 to 05:18","01:09 to 10:00","00:27 to 10:44","Karishma","Eng",NA,"int1_st1",0,0,0,0,0,0
34,"MC3","sos","00:57 to 05:18","01:09 to 10:00","00:27 to 10:44","Karishma","Eng",NA,"int1_st2",1,0,1,0,0,1
34,"MC3","sos","00:57 to 05:18","01:09 to 10:00","00:27 to 10:44","Karishma","Eng",NA,"int1_st3",1,0,2,0,0,2
34,"MC3","sos","00:57 to 05:18","01:09 to 10:00","00:27 to 10:44","Karishma","Eng",NA,"int1_st4",0,0,3,1,0,3
34,"MC3","sos","00:57 to 05:18","01:09 to 10:00","00:27 to 10:44","Karishma","Eng",NA,"int1_st5",0,0,4,1,0,4
34,"MC3","sos","00:57 to 05:18","01:09 to 10:00","00:27 to 10:44","Karishma","Eng",NA,"int2_st1",0,1,0,0,0,0
34,"MC3","sos","00:57 to 05:18","01:09 to 10:00","00:27 to 10:44","Karishma","Eng",NA,"int2_st2",1,1,1,0,1,0
34,"MC3","sos","00:57 to 05:18","01:09 to 10:00","00:27 to 10:44","Karishma","Eng",NA,"int2_st3",2,1,2,0,1,1
34,"MC3","sos","00:57 to 05:18","01:09 to 10:00","00:27 to 10:44","Karishma","Eng",NA,"int2_st4",0,1,3,1,1,2
34,"MC3","sos","00:57 to 05:18","01:09 to 10:00","00:27 to 10:44","Karishma","Eng",NA,"int2_st5",0,1,4,1,1,3
34,"MC3","sos","00:57 to 05:18","01:09 to 10:00","00:27 to 10:44","Karishma","Eng",NA,"int3_st1",0,2,0,0,0,0
34,"MC3","sos","00:57 to 05:18","01:09 to 10:00","00:27 to 10:44","Karishma","Eng",NA,"int3_st2",1,2,1,0,1,0
34,"MC3","sos","00:57 to 05:18","01:09 to 10:00","00:27 to 10:44","Karishma","Eng",NA,"int3_st3",2,2,2,0,2,0
34,"MC3","sos","00:57 to 05:18","01:09 to 10:00","00:27 to 10:44","Karishma","Eng",NA,"int3_st4",0,2,3,1,2,1
34,"MC3","sos","00:57 to 05:18","01:09 to 10:00","00:27 to 10:44","Karishma","Eng",NA,"int3_st5",1,2,4,1,2,2
35,"MC3","direct","02:41 to 09:45","01:32 to 09:46","01:04 to 09:13","Karishma","Eng",NA,"int1_st1",1,0,0,0,0,0
35,"MC3","direct","02:41 to 09:45","01:32 to 09:46","01:04 to 09:13","Karishma","Eng",NA,"int1_st2",3,0,1,0,0,1
35,"MC3","direct","02:41 to 09:45","01:32 to 09:46","01:04 to 09:13","Karishma","Eng",NA,"int1_st3",3,0,2,0,0,2
35,"MC3","direct","02:41 to 09:45","01:32 to 09:46","01:04 to 09:13","Karishma","Eng",NA,"int1_st4",1,0,3,1,0,3
35,"MC3","direct","02:41 to 09:45","01:32 to 09:46","01:04 to 09:13","Karishma","Eng",NA,"int1_st5",0,0,4,1,0,4
35,"MC3","direct","02:41 to 09:45","01:32 to 09:46","01:04 to 09:13","Karishma","Eng",NA,"int2_st1",1,1,0,0,0,0
35,"MC3","direct","02:41 to 09:45","01:32 to 09:46","01:04 to 09:13","Karishma","Eng",NA,"int2_st2",3,1,1,0,1,0
35,"MC3","direct","02:41 to 09:45","01:32 to 09:46","01:04 to 09:13","Karishma","Eng",NA,"int2_st3",3,1,2,0,1,1
35,"MC3","direct","02:41 to 09:45","01:32 to 09:46","01:04 to 09:13","Karishma","Eng",NA,"int2_st4",1,1,3,1,1,2
35,"MC3","direct","02:41 to 09:45","01:32 to 09:46","01:04 to 09:13","Karishma","Eng",NA,"int2_st5",0,1,4,1,1,3
35,"MC3","direct","02:41 to 09:45","01:32 to 09:46","01:04 to 09:13","Karishma","Eng",NA,"int3_st1",1,2,0,0,0,0
35,"MC3","direct","02:41 to 09:45","01:32 to 09:46","01:04 to 09:13","Karishma","Eng",NA,"int3_st2",3,2,1,0,1,0
35,"MC3","direct","02:41 to 09:45","01:32 to 09:46","01:04 to 09:13","Karishma","Eng",NA,"int3_st3",3,2,2,0,2,0
35,"MC3","direct","02:41 to 09:45","01:32 to 09:46","01:04 to 09:13","Karishma","Eng",NA,"int3_st4",1,2,3,1,2,1
35,"MC3","direct","02:41 to 09:45","01:32 to 09:46","01:04 to 09:13","Karishma","Eng",NA,"int3_st5",0,2,4,1,2,2
36,"MC1","direct","00:45 to 02:51","01:05 to 02:55","01:04 to 03:24","Hanna","Eng",NA,"int1_st1",1,0,0,0,0,0
36,"MC1","direct","00:45 to 02:51","01:05 to 02:55","01:04 to 03:24","Hanna","Eng",NA,"int1_st2",0,0,1,0,0,1
36,"MC1","direct","00:45 to 02:51","01:05 to 02:55","01:04 to 03:24","Hanna","Eng",NA,"int1_st3",0,0,2,0,0,2
36,"MC1","direct","00:45 to 02:51","01:05 to 02:55","01:04 to 03:24","Hanna","Eng",NA,"int1_st4",0,0,3,1,0,3
36,"MC1","direct","00:45 to 02:51","01:05 to 02:55","01:04 to 03:24","Hanna","Eng",NA,"int1_st5",0,0,4,1,0,4
36,"MC1","direct","00:45 to 02:51","01:05 to 02:55","01:04 to 03:24","Hanna","Eng",NA,"int2_st1",1,1,0,0,0,0
36,"MC1","direct","00:45 to 02:51","01:05 to 02:55","01:04 to 03:24","Hanna","Eng",NA,"int2_st2",0,1,1,0,1,0
36,"MC1","direct","00:45 to 02:51","01:05 to 02:55","01:04 to 03:24","Hanna","Eng",NA,"int2_st3",1,1,2,0,1,1
36,"MC1","direct","00:45 to 02:51","01:05 to 02:55","01:04 to 03:24","Hanna","Eng",NA,"int2_st4",0,1,3,1,1,2
36,"MC1","direct","00:45 to 02:51","01:05 to 02:55","01:04 to 03:24","Hanna","Eng",NA,"int2_st5",0,1,4,1,1,3
36,"MC1","direct","00:45 to 02:51","01:05 to 02:55","01:04 to 03:24","Hanna","Eng",NA,"int3_st1",1,2,0,0,0,0
36,"MC1","direct","00:45 to 02:51","01:05 to 02:55","01:04 to 03:24","Hanna","Eng",NA,"int3_st2",0,2,1,0,1,0
36,"MC1","direct","00:45 to 02:51","01:05 to 02:55","01:04 to 03:24","Hanna","Eng",NA,"int3_st3",1,2,2,0,2,0
36,"MC1","direct","00:45 to 02:51","01:05 to 02:55","01:04 to 03:24","Hanna","Eng",NA,"int3_st4",0,2,3,1,2,1
36,"MC1","direct","00:45 to 02:51","01:05 to 02:55","01:04 to 03:24","Hanna","Eng",NA,"int3_st5",0,2,4,1,2,2
37,"MC3","sos","01:14 to 11:57","01:42 to 10:25","01:12 to 10:45","Raver","Swe",NA,"int1_st1",3,0,0,0,0,0
37,"MC3","sos","01:14 to 11:57","01:42 to 10:25","01:12 to 10:45","Raver","Swe",NA,"int1_st2",3,0,1,0,0,1
37,"MC3","sos","01:14 to 11:57","01:42 to 10:25","01:12 to 10:45","Raver","Swe",NA,"int1_st3",2,0,2,0,0,2
37,"MC3","sos","01:14 to 11:57","01:42 to 10:25","01:12 to 10:45","Raver","Swe",NA,"int1_st4",2,0,3,1,0,3
37,"MC3","sos","01:14 to 11:57","01:42 to 10:25","01:12 to 10:45","Raver","Swe",NA,"int1_st5",0,0,4,1,0,4
37,"MC3","sos","01:14 to 11:57","01:42 to 10:25","01:12 to 10:45","Raver","Swe",NA,"int2_st1",4,1,0,0,0,0
37,"MC3","sos","01:14 to 11:57","01:42 to 10:25","01:12 to 10:45","Raver","Swe",NA,"int2_st2",4,1,1,0,1,0
37,"MC3","sos","01:14 to 11:57","01:42 to 10:25","01:12 to 10:45","Raver","Swe",NA,"int2_st3",2,1,2,0,1,1
37,"MC3","sos","01:14 to 11:57","01:42 to 10:25","01:12 to 10:45","Raver","Swe",NA,"int2_st4",2,1,3,1,1,2
37,"MC3","sos","01:14 to 11:57","01:42 to 10:25","01:12 to 10:45","Raver","Swe",NA,"int2_st5",0,1,4,1,1,3
37,"MC3","sos","01:14 to 11:57","01:42 to 10:25","01:12 to 10:45","Raver","Swe",NA,"int3_st1",4,2,0,0,0,0
37,"MC3","sos","01:14 to 11:57","01:42 to 10:25","01:12 to 10:45","Raver","Swe",NA,"int3_st2",4,2,1,0,1,0
37,"MC3","sos","01:14 to 11:57","01:42 to 10:25","01:12 to 10:45","Raver","Swe",NA,"int3_st3",3,2,2,0,2,0
37,"MC3","sos","01:14 to 11:57","01:42 to 10:25","01:12 to 10:45","Raver","Swe",NA,"int3_st4",2,2,3,1,2,1
37,"MC3","sos","01:14 to 11:57","01:42 to 10:25","01:12 to 10:45","Raver","Swe",NA,"int3_st5",0,2,4,1,2,2
38,"MC1","sos","01:34 to 12:31","01:53 to 13:43","01:15 to 10:31","Raver","Swe",NA,"int1_st1",3,0,0,0,0,0
38,"MC1","sos","01:34 to 12:31","01:53 to 13:43","01:15 to 10:31","Raver","Swe",NA,"int1_st2",1,0,1,0,0,1
38,"MC1","sos","01:34 to 12:31","01:53 to 13:43","01:15 to 10:31","Raver","Swe",NA,"int1_st3",2,0,2,0,0,2
38,"MC1","sos","01:34 to 12:31","01:53 to 13:43","01:15 to 10:31","Raver","Swe",NA,"int1_st4",3,0,3,1,0,3
38,"MC1","sos","01:34 to 12:31","01:53 to 13:43","01:15 to 10:31","Raver","Swe",NA,"int1_st5",0,0,4,1,0,4
38,"MC1","sos","01:34 to 12:31","01:53 to 13:43","01:15 to 10:31","Raver","Swe",NA,"int2_st1",4,1,0,0,0,0
38,"MC1","sos","01:34 to 12:31","01:53 to 13:43","01:15 to 10:31","Raver","Swe",NA,"int2_st2",3,1,1,0,1,0
38,"MC1","sos","01:34 to 12:31","01:53 to 13:43","01:15 to 10:31","Raver","Swe",NA,"int2_st3",3,1,2,0,1,1
38,"MC1","sos","01:34 to 12:31","01:53 to 13:43","01:15 to 10:31","Raver","Swe",NA,"int2_st4",2,1,3,1,1,2
38,"MC1","sos","01:34 to 12:31","01:53 to 13:43","01:15 to 10:31","Raver","Swe",NA,"int2_st5",1,1,4,1,1,3
38,"MC1","sos","01:34 to 12:31","01:53 to 13:43","01:15 to 10:31","Raver","Swe",NA,"int3_st1",4,2,0,0,0,0
38,"MC1","sos","01:34 to 12:31","01:53 to 13:43","01:15 to 10:31","Raver","Swe",NA,"int3_st2",4,2,1,0,1,0
38,"MC1","sos","01:34 to 12:31","01:53 to 13:43","01:15 to 10:31","Raver","Swe",NA,"int3_st3",4,2,2,0,2,0
38,"MC1","sos","01:34 to 12:31","01:53 to 13:43","01:15 to 10:31","Raver","Swe",NA,"int3_st4",2,2,3,1,2,1
38,"MC1","sos","01:34 to 12:31","01:53 to 13:43","01:15 to 10:31","Raver","Swe",NA,"int3_st5",1,2,4,1,2,2
39,"MC2","sos","01:32 to 07:12","01:35 to 11:42","01:15 to 10:42","Raver","Swe",NA,"int1_st1",2,0,0,0,0,0
39,"MC2","sos","01:32 to 07:12","01:35 to 11:42","01:15 to 10:42","Raver","Swe",NA,"int1_st2",1,0,1,0,0,1
39,"MC2","sos","01:32 to 07:12","01:35 to 11:42","01:15 to 10:42","Raver","Swe",NA,"int1_st3",1,0,2,0,0,2
39,"MC2","sos","01:32 to 07:12","01:35 to 11:42","01:15 to 10:42","Raver","Swe",NA,"int1_st4",1,0,3,1,0,3
39,"MC2","sos","01:32 to 07:12","01:35 to 11:42","01:15 to 10:42","Raver","Swe",NA,"int1_st5",1,0,4,1,0,4
39,"MC2","sos","01:32 to 07:12","01:35 to 11:42","01:15 to 10:42","Raver","Swe",NA,"int2_st1",2,1,0,0,0,0
39,"MC2","sos","01:32 to 07:12","01:35 to 11:42","01:15 to 10:42","Raver","Swe",NA,"int2_st2",2,1,1,0,1,0
39,"MC2","sos","01:32 to 07:12","01:35 to 11:42","01:15 to 10:42","Raver","Swe",NA,"int2_st3",1,1,2,0,1,1
39,"MC2","sos","01:32 to 07:12","01:35 to 11:42","01:15 to 10:42","Raver","Swe",NA,"int2_st4",0,1,3,1,1,2
39,"MC2","sos","01:32 to 07:12","01:35 to 11:42","01:15 to 10:42","Raver","Swe",NA,"int2_st5",1,1,4,1,1,3
39,"MC2","sos","01:32 to 07:12","01:35 to 11:42","01:15 to 10:42","Raver","Swe",NA,"int3_st1",4,2,0,0,0,0
39,"MC2","sos","01:32 to 07:12","01:35 to 11:42","01:15 to 10:42","Raver","Swe",NA,"int3_st2",2,2,1,0,1,0
39,"MC2","sos","01:32 to 07:12","01:35 to 11:42","01:15 to 10:42","Raver","Swe",NA,"int3_st3",4,2,2,0,2,0
39,"MC2","sos","01:32 to 07:12","01:35 to 11:42","01:15 to 10:42","Raver","Swe",NA,"int3_st4",0,2,3,1,2,1
39,"MC2","sos","01:32 to 07:12","01:35 to 11:42","01:15 to 10:42","Raver","Swe",NA,"int3_st5",0,2,4,1,2,2
40,"MC2","sos","05:20 to 12:23","02:05 to 11:15","01:16 to 09:43","Raver","Swe",NA,"int1_st1",4,0,0,0,0,0
40,"MC2","sos","05:20 to 12:23","02:05 to 11:15","01:16 to 09:43","Raver","Swe",NA,"int1_st2",0,0,1,0,0,1
40,"MC2","sos","05:20 to 12:23","02:05 to 11:15","01:16 to 09:43","Raver","Swe",NA,"int1_st3",1,0,2,0,0,2
40,"MC2","sos","05:20 to 12:23","02:05 to 11:15","01:16 to 09:43","Raver","Swe",NA,"int1_st4",2,0,3,1,0,3
40,"MC2","sos","05:20 to 12:23","02:05 to 11:15","01:16 to 09:43","Raver","Swe",NA,"int1_st5",2,0,4,1,0,4
40,"MC2","sos","05:20 to 12:23","02:05 to 11:15","01:16 to 09:43","Raver","Swe",NA,"int2_st1",4,1,0,0,0,0
40,"MC2","sos","05:20 to 12:23","02:05 to 11:15","01:16 to 09:43","Raver","Swe",NA,"int2_st2",2,1,1,0,1,0
40,"MC2","sos","05:20 to 12:23","02:05 to 11:15","01:16 to 09:43","Raver","Swe",NA,"int2_st3",1,1,2,0,1,1
40,"MC2","sos","05:20 to 12:23","02:05 to 11:15","01:16 to 09:43","Raver","Swe",NA,"int2_st4",2,1,3,1,1,2
40,"MC2","sos","05:20 to 12:23","02:05 to 11:15","01:16 to 09:43","Raver","Swe",NA,"int2_st5",1,1,4,1,1,3
40,"MC2","sos","05:20 to 12:23","02:05 to 11:15","01:16 to 09:43","Raver","Swe",NA,"int3_st1",4,2,0,0,0,0
40,"MC2","sos","05:20 to 12:23","02:05 to 11:15","01:16 to 09:43","Raver","Swe",NA,"int3_st2",4,2,1,0,1,0
40,"MC2","sos","05:20 to 12:23","02:05 to 11:15","01:16 to 09:43","Raver","Swe",NA,"int3_st3",3,2,2,0,2,0
40,"MC2","sos","05:20 to 12:23","02:05 to 11:15","01:16 to 09:43","Raver","Swe",NA,"int3_st4",2,2,3,1,2,1
40,"MC2","sos","05:20 to 12:23","02:05 to 11:15","01:16 to 09:43","Raver","Swe",NA,"int3_st5",1,2,4,1,2,2
41,"MC3","direct",NA,NA,NA,"Raver","Swe",NA,"int1_st1",0,0,0,0,0,0
41,"MC3","direct",NA,NA,NA,"Raver","Swe",NA,"int1_st2",1,0,1,0,0,1
41,"MC3","direct",NA,NA,NA,"Raver","Swe",NA,"int1_st3",0,0,2,0,0,2
41,"MC3","direct",NA,NA,NA,"Raver","Swe",NA,"int1_st4",0,0,3,1,0,3
41,"MC3","direct",NA,NA,NA,"Raver","Swe",NA,"int1_st5",0,0,4,1,0,4
41,"MC3","direct",NA,NA,NA,"Raver","Swe",NA,"int2_st1",0,1,0,0,0,0
41,"MC3","direct",NA,NA,NA,"Raver","Swe",NA,"int2_st2",1,1,1,0,1,0
41,"MC3","direct",NA,NA,NA,"Raver","Swe",NA,"int2_st3",1,1,2,0,1,1
41,"MC3","direct",NA,NA,NA,"Raver","Swe",NA,"int2_st4",0,1,3,1,1,2
41,"MC3","direct",NA,NA,NA,"Raver","Swe",NA,"int2_st5",0,1,4,1,1,3
41,"MC3","direct",NA,NA,NA,"Raver","Swe",NA,"int3_st1",1,2,0,0,0,0
41,"MC3","direct",NA,NA,NA,"Raver","Swe",NA,"int3_st2",3,2,1,0,1,0
41,"MC3","direct",NA,NA,NA,"Raver","Swe",NA,"int3_st3",2,2,2,0,2,0
41,"MC3","direct",NA,NA,NA,"Raver","Swe",NA,"int3_st4",0,2,3,1,2,1
41,"MC3","direct",NA,NA,NA,"Raver","Swe",NA,"int3_st5",0,2,4,1,2,2
42,"MC2","sos",NA,NA,NA,"Raver","Swe",NA,"int1_st1",1,0,0,0,0,0
42,"MC2","sos",NA,NA,NA,"Raver","Swe",NA,"int1_st2",0,0,1,0,0,1
42,"MC2","sos",NA,NA,NA,"Raver","Swe",NA,"int1_st3",1,0,2,0,0,2
42,"MC2","sos",NA,NA,NA,"Raver","Swe",NA,"int1_st4",2,0,3,1,0,3
42,"MC2","sos",NA,NA,NA,"Raver","Swe",NA,"int1_st5",0,0,4,1,0,4
42,"MC2","sos",NA,NA,NA,"Raver","Swe",NA,"int2_st1",1,1,0,0,0,0
42,"MC2","sos",NA,NA,NA,"Raver","Swe",NA,"int2_st2",1,1,1,0,1,0
42,"MC2","sos",NA,NA,NA,"Raver","Swe",NA,"int2_st3",1,1,2,0,1,1
42,"MC2","sos",NA,NA,NA,"Raver","Swe",NA,"int2_st4",2,1,3,1,1,2
42,"MC2","sos",NA,NA,NA,"Raver","Swe",NA,"int2_st5",0,1,4,1,1,3
42,"MC2","sos",NA,NA,NA,"Raver","Swe",NA,"int3_st1",5,2,0,0,0,0
42,"MC2","sos",NA,NA,NA,"Raver","Swe",NA,"int3_st2",1,2,1,0,1,0
42,"MC2","sos",NA,NA,NA,"Raver","Swe",NA,"int3_st3",1,2,2,0,2,0
42,"MC2","sos",NA,NA,NA,"Raver","Swe",NA,"int3_st4",2,2,3,1,2,1
42,"MC2","sos",NA,NA,NA,"Raver","Swe",NA,"int3_st5",1,2,4,1,2,2
43,"MC3","direct",NA,NA,NA,"Minna","Swe",NA,"int1_st1",1,0,0,0,0,0
43,"MC3","direct",NA,NA,NA,"Minna","Swe",NA,"int1_st2",1,0,1,0,0,1
43,"MC3","direct",NA,NA,NA,"Minna","Swe",NA,"int1_st3",1,0,2,0,0,2
43,"MC3","direct",NA,NA,NA,"Minna","Swe",NA,"int1_st4",0,0,3,1,0,3
43,"MC3","direct",NA,NA,NA,"Minna","Swe",NA,"int1_st5",0,0,4,1,0,4
43,"MC3","direct",NA,NA,NA,"Minna","Swe",NA,"int2_st1",0,1,0,0,0,0
43,"MC3","direct",NA,NA,NA,"Minna","Swe",NA,"int2_st2",1,1,1,0,1,0
43,"MC3","direct",NA,NA,NA,"Minna","Swe",NA,"int2_st3",1,1,2,0,1,1
43,"MC3","direct",NA,NA,NA,"Minna","Swe",NA,"int2_st4",1,1,3,1,1,2
43,"MC3","direct",NA,NA,NA,"Minna","Swe",NA,"int2_st5",1,1,4,1,1,3
43,"MC3","direct",NA,NA,NA,"Minna","Swe",NA,"int3_st1",0,2,0,0,0,0
43,"MC3","direct",NA,NA,NA,"Minna","Swe",NA,"int3_st2",1,2,1,0,1,0
43,"MC3","direct",NA,NA,NA,"Minna","Swe",NA,"int3_st3",2,2,2,0,2,0
43,"MC3","direct",NA,NA,NA,"Minna","Swe",NA,"int3_st4",1,2,3,1,2,1
43,"MC3","direct",NA,NA,NA,"Minna","Swe",NA,"int3_st5",1,2,4,1,2,2
44,"MC1","direct",NA,NA,NA,"Minna","Swe",NA,"int1_st1",0,0,0,0,0,0
44,"MC1","direct",NA,NA,NA,"Minna","Swe",NA,"int1_st2",0,0,1,0,0,1
44,"MC1","direct",NA,NA,NA,"Minna","Swe",NA,"int1_st3",0,0,2,0,0,2
44,"MC1","direct",NA,NA,NA,"Minna","Swe",NA,"int1_st4",0,0,3,1,0,3
44,"MC1","direct",NA,NA,NA,"Minna","Swe",NA,"int1_st5",2,0,4,1,0,4
44,"MC1","direct",NA,NA,NA,"Minna","Swe",NA,"int2_st1",0,1,0,0,0,0
44,"MC1","direct",NA,NA,NA,"Minna","Swe",NA,"int2_st2",0,1,1,0,1,0
44,"MC1","direct",NA,NA,NA,"Minna","Swe",NA,"int2_st3",1,1,2,0,1,1
44,"MC1","direct",NA,NA,NA,"Minna","Swe",NA,"int2_st4",0,1,3,1,1,2
44,"MC1","direct",NA,NA,NA,"Minna","Swe",NA,"int2_st5",0,1,4,1,1,3
44,"MC1","direct",NA,NA,NA,"Minna","Swe",NA,"int3_st1",0,2,0,0,0,0
44,"MC1","direct",NA,NA,NA,"Minna","Swe",NA,"int3_st2",0,2,1,0,1,0
44,"MC1","direct",NA,NA,NA,"Minna","Swe",NA,"int3_st3",1,2,2,0,2,0
44,"MC1","direct",NA,NA,NA,"Minna","Swe",NA,"int3_st4",2,2,3,1,2,1
44,"MC1","direct",NA,NA,NA,"Minna","Swe",NA,"int3_st5",0,2,4,1,2,2
45,"MC1","sos",NA,NA,NA,"Minna","Swe",NA,"int1_st1",2,0,0,0,0,0
45,"MC1","sos",NA,NA,NA,"Minna","Swe",NA,"int1_st2",0,0,1,0,0,1
45,"MC1","sos",NA,NA,NA,"Minna","Swe",NA,"int1_st3",0,0,2,0,0,2
45,"MC1","sos",NA,NA,NA,"Minna","Swe",NA,"int1_st4",0,0,3,1,0,3
45,"MC1","sos",NA,NA,NA,"Minna","Swe",NA,"int1_st5",0,0,4,1,0,4
45,"MC1","sos",NA,NA,NA,"Minna","Swe",NA,"int2_st1",2,1,0,0,0,0
45,"MC1","sos",NA,NA,NA,"Minna","Swe",NA,"int2_st2",4,1,1,0,1,0
45,"MC1","sos",NA,NA,NA,"Minna","Swe",NA,"int2_st3",2,1,2,0,1,1
45,"MC1","sos",NA,NA,NA,"Minna","Swe",NA,"int2_st4",0,1,3,1,1,2
45,"MC1","sos",NA,NA,NA,"Minna","Swe",NA,"int2_st5",0,1,4,1,1,3
45,"MC1","sos",NA,NA,NA,"Minna","Swe",NA,"int3_st1",2,2,0,0,0,0
45,"MC1","sos",NA,NA,NA,"Minna","Swe",NA,"int3_st2",4,2,1,0,1,0
45,"MC1","sos",NA,NA,NA,"Minna","Swe",NA,"int3_st3",4,2,2,0,2,0
45,"MC1","sos",NA,NA,NA,"Minna","Swe",NA,"int3_st4",2,2,3,1,2,1
45,"MC1","sos",NA,NA,NA,"Minna","Swe",NA,"int3_st5",0,2,4,1,2,2
46,"MC2","sos",NA,NA,NA,"Minna","Swe",NA,"int1_st1",1,0,0,0,0,0
46,"MC2","sos",NA,NA,NA,"Minna","Swe",NA,"int1_st2",1,0,1,0,0,1
46,"MC2","sos",NA,NA,NA,"Minna","Swe",NA,"int1_st3",0,0,2,0,0,2
46,"MC2","sos",NA,NA,NA,"Minna","Swe",NA,"int1_st4",0,0,3,1,0,3
46,"MC2","sos",NA,NA,NA,"Minna","Swe",NA,"int1_st5",0,0,4,1,0,4
46,"MC2","sos",NA,NA,NA,"Minna","Swe",NA,"int2_st1",1,1,0,0,0,0
46,"MC2","sos",NA,NA,NA,"Minna","Swe",NA,"int2_st2",1,1,1,0,1,0
46,"MC2","sos",NA,NA,NA,"Minna","Swe",NA,"int2_st3",0,1,2,0,1,1
46,"MC2","sos",NA,NA,NA,"Minna","Swe",NA,"int2_st4",0,1,3,1,1,2
46,"MC2","sos",NA,NA,NA,"Minna","Swe",NA,"int2_st5",0,1,4,1,1,3
46,"MC2","sos",NA,NA,NA,"Minna","Swe",NA,"int3_st1",1,2,0,0,0,0
46,"MC2","sos",NA,NA,NA,"Minna","Swe",NA,"int3_st2",1,2,1,0,1,0
46,"MC2","sos",NA,NA,NA,"Minna","Swe",NA,"int3_st3",1,2,2,0,2,0
46,"MC2","sos",NA,NA,NA,"Minna","Swe",NA,"int3_st4",0,2,3,1,2,1
46,"MC2","sos",NA,NA,NA,"Minna","Swe",NA,"int3_st5",0,2,4,1,2,2
47,"MC1","sos",NA,NA,NA,"Hanna","Eng","Exclusion","int1_st1",NA,0,0,0,0,0
47,"MC1","sos",NA,NA,NA,"Hanna","Eng","Exclusion","int1_st2",NA,0,1,0,0,1
47,"MC1","sos",NA,NA,NA,"Hanna","Eng","Exclusion","int1_st3",NA,0,2,0,0,2
47,"MC1","sos",NA,NA,NA,"Hanna","Eng","Exclusion","int1_st4",NA,0,3,1,0,3
47,"MC1","sos",NA,NA,NA,"Hanna","Eng","Exclusion","int1_st5",NA,0,4,1,0,4
47,"MC1","sos",NA,NA,NA,"Hanna","Eng","Exclusion","int2_st1",NA,1,0,0,0,0
47,"MC1","sos",NA,NA,NA,"Hanna","Eng","Exclusion","int2_st2",NA,1,1,0,1,0
47,"MC1","sos",NA,NA,NA,"Hanna","Eng","Exclusion","int2_st3",NA,1,2,0,1,1
47,"MC1","sos",NA,NA,NA,"Hanna","Eng","Exclusion","int2_st4",NA,1,3,1,1,2
47,"MC1","sos",NA,NA,NA,"Hanna","Eng","Exclusion","int2_st5",NA,1,4,1,1,3
47,"MC1","sos",NA,NA,NA,"Hanna","Eng","Exclusion","int3_st1",NA,2,0,0,0,0
47,"MC1","sos",NA,NA,NA,"Hanna","Eng","Exclusion","int3_st2",NA,2,1,0,1,0
47,"MC1","sos",NA,NA,NA,"Hanna","Eng","Exclusion","int3_st3",NA,2,2,0,2,0
47,"MC1","sos",NA,NA,NA,"Hanna","Eng","Exclusion","int3_st4",NA,2,3,1,2,1
47,"MC1","sos",NA,NA,NA,"Hanna","Eng","Exclusion","int3_st5",NA,2,4,1,2,2
48,"MC1","direct",NA,NA,NA,"Hanna","Eng",NA,"int1_st1",0,0,0,0,0,0
48,"MC1","direct",NA,NA,NA,"Hanna","Eng",NA,"int1_st2",0,0,1,0,0,1
48,"MC1","direct",NA,NA,NA,"Hanna","Eng",NA,"int1_st3",1,0,2,0,0,2
48,"MC1","direct",NA,NA,NA,"Hanna","Eng",NA,"int1_st4",0,0,3,1,0,3
48,"MC1","direct",NA,NA,NA,"Hanna","Eng",NA,"int1_st5",0,0,4,1,0,4
48,"MC1","direct",NA,NA,NA,"Hanna","Eng",NA,"int2_st1",0,1,0,0,0,0
48,"MC1","direct",NA,NA,NA,"Hanna","Eng",NA,"int2_st2",0,1,1,0,1,0
48,"MC1","direct",NA,NA,NA,"Hanna","Eng",NA,"int2_st3",1,1,2,0,1,1
48,"MC1","direct",NA,NA,NA,"Hanna","Eng",NA,"int2_st4",0,1,3,1,1,2
48,"MC1","direct",NA,NA,NA,"Hanna","Eng",NA,"int2_st5",0,1,4,1,1,3
48,"MC1","direct",NA,NA,NA,"Hanna","Eng",NA,"int3_st1",0,2,0,0,0,0
48,"MC1","direct",NA,NA,NA,"Hanna","Eng",NA,"int3_st2",0,2,1,0,1,0
48,"MC1","direct",NA,NA,NA,"Hanna","Eng",NA,"int3_st3",1,2,2,0,2,0
48,"MC1","direct",NA,NA,NA,"Hanna","Eng",NA,"int3_st4",0,2,3,1,2,1
48,"MC1","direct",NA,NA,NA,"Hanna","Eng",NA,"int3_st5",0,2,4,1,2,2
49,"MC3","direct",NA,NA,NA,"Hanna","Eng",NA,"int1_st1",0,0,0,0,0,0
49,"MC3","direct",NA,NA,NA,"Hanna","Eng",NA,"int1_st2",1,0,1,0,0,1
49,"MC3","direct",NA,NA,NA,"Hanna","Eng",NA,"int1_st3",0,0,2,0,0,2
49,"MC3","direct",NA,NA,NA,"Hanna","Eng",NA,"int1_st4",1,0,3,1,0,3
49,"MC3","direct",NA,NA,NA,"Hanna","Eng",NA,"int1_st5",1,0,4,1,0,4
49,"MC3","direct",NA,NA,NA,"Hanna","Eng",NA,"int2_st1",0,1,0,0,0,0
49,"MC3","direct",NA,NA,NA,"Hanna","Eng",NA,"int2_st2",1,1,1,0,1,0
49,"MC3","direct",NA,NA,NA,"Hanna","Eng",NA,"int2_st3",0,1,2,0,1,1
49,"MC3","direct",NA,NA,NA,"Hanna","Eng",NA,"int2_st4",1,1,3,1,1,2
49,"MC3","direct",NA,NA,NA,"Hanna","Eng",NA,"int2_st5",0,1,4,1,1,3
49,"MC3","direct",NA,NA,NA,"Hanna","Eng",NA,"int3_st1",0,2,0,0,0,0
49,"MC3","direct",NA,NA,NA,"Hanna","Eng",NA,"int3_st2",1,2,1,0,1,0
49,"MC3","direct",NA,NA,NA,"Hanna","Eng",NA,"int3_st3",0,2,2,0,2,0
49,"MC3","direct",NA,NA,NA,"Hanna","Eng",NA,"int3_st4",1,2,3,1,2,1
49,"MC3","direct",NA,NA,NA,"Hanna","Eng",NA,"int3_st5",1,2,4,1,2,2
50,"MC1","direct",NA,NA,NA,"Hanna","Eng",NA,"int1_st1",0,0,0,0,0,0
50,"MC1","direct",NA,NA,NA,"Hanna","Eng",NA,"int1_st2",0,0,1,0,0,1
50,"MC1","direct",NA,NA,NA,"Hanna","Eng",NA,"int1_st3",1,0,2,0,0,2
50,"MC1","direct",NA,NA,NA,"Hanna","Eng",NA,"int1_st4",0,0,3,1,0,3
50,"MC1","direct",NA,NA,NA,"Hanna","Eng",NA,"int1_st5",0,0,4,1,0,4
50,"MC1","direct",NA,NA,NA,"Hanna","Eng",NA,"int2_st1",0,1,0,0,0,0
50,"MC1","direct",NA,NA,NA,"Hanna","Eng",NA,"int2_st2",0,1,1,0,1,0
50,"MC1","direct",NA,NA,NA,"Hanna","Eng",NA,"int2_st3",1,1,2,0,1,1
50,"MC1","direct",NA,NA,NA,"Hanna","Eng",NA,"int2_st4",0,1,3,1,1,2
50,"MC1","direct",NA,NA,NA,"Hanna","Eng",NA,"int2_st5",0,1,4,1,1,3
50,"MC1","direct",NA,NA,NA,"Hanna","Eng",NA,"int3_st1",0,2,0,0,0,0
50,"MC1","direct",NA,NA,NA,"Hanna","Eng",NA,"int3_st2",0,2,1,0,1,0
50,"MC1","direct",NA,NA,NA,"Hanna","Eng",NA,"int3_st3",1,2,2,0,2,0
50,"MC1","direct",NA,NA,NA,"Hanna","Eng",NA,"int3_st4",0,2,3,1,2,1
50,"MC1","direct",NA,NA,NA,"Hanna","Eng",NA,"int3_st5",0,2,4,1,2,2
51,"MC3","sos",NA,NA,NA,"Hanna","Eng",NA,"int1_st1",1,0,0,0,0,0
51,"MC3","sos",NA,NA,NA,"Hanna","Eng",NA,"int1_st2",2,0,1,0,0,1
51,"MC3","sos",NA,NA,NA,"Hanna","Eng",NA,"int1_st3",1,0,2,0,0,2
51,"MC3","sos",NA,NA,NA,"Hanna","Eng",NA,"int1_st4",2,0,3,1,0,3
51,"MC3","sos",NA,NA,NA,"Hanna","Eng",NA,"int1_st5",1,0,4,1,0,4
51,"MC3","sos",NA,NA,NA,"Hanna","Eng",NA,"int2_st1",2,1,0,0,0,0
51,"MC3","sos",NA,NA,NA,"Hanna","Eng",NA,"int2_st2",3,1,1,0,1,0
51,"MC3","sos",NA,NA,NA,"Hanna","Eng",NA,"int2_st3",0,1,2,0,1,1
51,"MC3","sos",NA,NA,NA,"Hanna","Eng",NA,"int2_st4",0,1,3,1,1,2
51,"MC3","sos",NA,NA,NA,"Hanna","Eng",NA,"int2_st5",0,1,4,1,1,3
51,"MC3","sos",NA,NA,NA,"Hanna","Eng",NA,"int3_st1",2,2,0,0,0,0
51,"MC3","sos",NA,NA,NA,"Hanna","Eng",NA,"int3_st2",3,2,1,0,1,0
51,"MC3","sos",NA,NA,NA,"Hanna","Eng",NA,"int3_st3",2,2,2,0,2,0
51,"MC3","sos",NA,NA,NA,"Hanna","Eng",NA,"int3_st4",0,2,3,1,2,1
51,"MC3","sos",NA,NA,NA,"Hanna","Eng",NA,"int3_st5",0,2,4,1,2,2
52,"MC3","sos",NA,NA,NA,"Karishma","Eng",NA,"int1_st1",0,0,0,0,0,0
52,"MC3","sos",NA,NA,NA,"Karishma","Eng",NA,"int1_st2",1,0,1,0,0,1
52,"MC3","sos",NA,NA,NA,"Karishma","Eng",NA,"int1_st3",0,0,2,0,0,2
52,"MC3","sos",NA,NA,NA,"Karishma","Eng",NA,"int1_st4",2,0,3,1,0,3
52,"MC3","sos",NA,NA,NA,"Karishma","Eng",NA,"int1_st5",1,0,4,1,0,4
52,"MC3","sos",NA,NA,NA,"Karishma","Eng",NA,"int2_st1",5,1,0,0,0,0
52,"MC3","sos",NA,NA,NA,"Karishma","Eng",NA,"int2_st2",4,1,1,0,1,0
52,"MC3","sos",NA,NA,NA,"Karishma","Eng",NA,"int2_st3",0,1,2,0,1,1
52,"MC3","sos",NA,NA,NA,"Karishma","Eng",NA,"int2_st4",1,1,3,1,1,2
52,"MC3","sos",NA,NA,NA,"Karishma","Eng",NA,"int2_st5",1,1,4,1,1,3
52,"MC3","sos",NA,NA,NA,"Karishma","Eng",NA,"int3_st1",5,2,0,0,0,0
52,"MC3","sos",NA,NA,NA,"Karishma","Eng",NA,"int3_st2",4,2,1,0,1,0
52,"MC3","sos",NA,NA,NA,"Karishma","Eng",NA,"int3_st3",4,2,2,0,2,0
52,"MC3","sos",NA,NA,NA,"Karishma","Eng",NA,"int3_st4",0,2,3,1,2,1
52,"MC3","sos",NA,NA,NA,"Karishma","Eng",NA,"int3_st5",1,2,4,1,2,2
53,"MC3","sos",NA,NA,NA,"Karishma","Eng",NA,"int1_st1",0,0,0,0,0,0
53,"MC3","sos",NA,NA,NA,"Karishma","Eng",NA,"int1_st2",1,0,1,0,0,1
53,"MC3","sos",NA,NA,NA,"Karishma","Eng",NA,"int1_st3",0,0,2,0,0,2
53,"MC3","sos",NA,NA,NA,"Karishma","Eng",NA,"int1_st4",0,0,3,1,0,3
53,"MC3","sos",NA,NA,NA,"Karishma","Eng",NA,"int1_st5",0,0,4,1,0,4
53,"MC3","sos",NA,NA,NA,"Karishma","Eng",NA,"int2_st1",0,1,0,0,0,0
53,"MC3","sos",NA,NA,NA,"Karishma","Eng",NA,"int2_st2",3,1,1,0,1,0
53,"MC3","sos",NA,NA,NA,"Karishma","Eng",NA,"int2_st3",0,1,2,0,1,1
53,"MC3","sos",NA,NA,NA,"Karishma","Eng",NA,"int2_st4",1,1,3,1,1,2
53,"MC3","sos",NA,NA,NA,"Karishma","Eng",NA,"int2_st5",0,1,4,1,1,3
53,"MC3","sos",NA,NA,NA,"Karishma","Eng",NA,"int3_st1",0,2,0,0,0,0
53,"MC3","sos",NA,NA,NA,"Karishma","Eng",NA,"int3_st2",3,2,1,0,1,0
53,"MC3","sos",NA,NA,NA,"Karishma","Eng",NA,"int3_st3",0,2,2,0,2,0
53,"MC3","sos",NA,NA,NA,"Karishma","Eng",NA,"int3_st4",1,2,3,1,2,1
53,"MC3","sos",NA,NA,NA,"Karishma","Eng",NA,"int3_st5",0,2,4,1,2,2
54,"MC2","direct",NA,NA,NA,"Karishma","Eng",NA,"int1_st1",4,0,0,0,0,0
54,"MC2","direct",NA,NA,NA,"Karishma","Eng",NA,"int1_st2",1,0,1,0,0,1
54,"MC2","direct",NA,NA,NA,"Karishma","Eng",NA,"int1_st3",0,0,2,0,0,2
54,"MC2","direct",NA,NA,NA,"Karishma","Eng",NA,"int1_st4",3,0,3,1,0,3
54,"MC2","direct",NA,NA,NA,"Karishma","Eng",NA,"int1_st5",0,0,4,1,0,4
54,"MC2","direct",NA,NA,NA,"Karishma","Eng",NA,"int2_st1",4,1,0,0,0,0
54,"MC2","direct",NA,NA,NA,"Karishma","Eng",NA,"int2_st2",2,1,1,0,1,0
54,"MC2","direct",NA,NA,NA,"Karishma","Eng",NA,"int2_st3",0,1,2,0,1,1
54,"MC2","direct",NA,NA,NA,"Karishma","Eng",NA,"int2_st4",2,1,3,1,1,2
54,"MC2","direct",NA,NA,NA,"Karishma","Eng",NA,"int2_st5",0,1,4,1,1,3
54,"MC2","direct",NA,NA,NA,"Karishma","Eng",NA,"int3_st1",4,2,0,0,0,0
54,"MC2","direct",NA,NA,NA,"Karishma","Eng",NA,"int3_st2",2,2,1,0,1,0
54,"MC2","direct",NA,NA,NA,"Karishma","Eng",NA,"int3_st3",0,2,2,0,2,0
54,"MC2","direct",NA,NA,NA,"Karishma","Eng",NA,"int3_st4",2,2,3,1,2,1
54,"MC2","direct",NA,NA,NA,"Karishma","Eng",NA,"int3_st5",0,2,4,1,2,2
55,"MC2","sos",NA,NA,NA,"Naiara","Eng",NA,"int1_st1",5,0,0,0,0,0
55,"MC2","sos",NA,NA,NA,"Naiara","Eng",NA,"int1_st2",1,0,1,0,0,1
55,"MC2","sos",NA,NA,NA,"Naiara","Eng",NA,"int1_st3",1,0,2,0,0,2
55,"MC2","sos",NA,NA,NA,"Naiara","Eng",NA,"int1_st4",2,0,3,1,0,3
55,"MC2","sos",NA,NA,NA,"Naiara","Eng",NA,"int1_st5",1,0,4,1,0,4
55,"MC2","sos",NA,NA,NA,"Naiara","Eng",NA,"int2_st1",5,1,0,0,0,0
55,"MC2","sos",NA,NA,NA,"Naiara","Eng",NA,"int2_st2",3,1,1,0,1,0
55,"MC2","sos",NA,NA,NA,"Naiara","Eng",NA,"int2_st3",1,1,2,0,1,1
55,"MC2","sos",NA,NA,NA,"Naiara","Eng",NA,"int2_st4",2,1,3,1,1,2
55,"MC2","sos",NA,NA,NA,"Naiara","Eng",NA,"int2_st5",1,1,4,1,1,3
55,"MC2","sos",NA,NA,NA,"Naiara","Eng",NA,"int3_st1",5,2,0,0,0,0
55,"MC2","sos",NA,NA,NA,"Naiara","Eng",NA,"int3_st2",1,2,1,0,1,0
55,"MC2","sos",NA,NA,NA,"Naiara","Eng",NA,"int3_st3",2,2,2,0,2,0
55,"MC2","sos",NA,NA,NA,"Naiara","Eng",NA,"int3_st4",2,2,3,1,2,1
55,"MC2","sos",NA,NA,NA,"Naiara","Eng",NA,"int3_st5",0,2,4,1,2,2
56,"MC1","sos",NA,NA,NA,"Naiara","Eng",NA,"int1_st1",4,0,0,0,0,0
56,"MC1","sos",NA,NA,NA,"Naiara","Eng",NA,"int1_st2",0,0,1,0,0,1
56,"MC1","sos",NA,NA,NA,"Naiara","Eng",NA,"int1_st3",2,0,2,0,0,2
56,"MC1","sos",NA,NA,NA,"Naiara","Eng",NA,"int1_st4",1,0,3,1,0,3
56,"MC1","sos",NA,NA,NA,"Naiara","Eng",NA,"int1_st5",1,0,4,1,0,4
56,"MC1","sos",NA,NA,NA,"Naiara","Eng",NA,"int2_st1",4,1,0,0,0,0
56,"MC1","sos",NA,NA,NA,"Naiara","Eng",NA,"int2_st2",5,1,1,0,1,0
56,"MC1","sos",NA,NA,NA,"Naiara","Eng",NA,"int2_st3",2,1,2,0,1,1
56,"MC1","sos",NA,NA,NA,"Naiara","Eng",NA,"int2_st4",0,1,3,1,1,2
56,"MC1","sos",NA,NA,NA,"Naiara","Eng",NA,"int2_st5",0,1,4,1,1,3
56,"MC1","sos",NA,NA,NA,"Naiara","Eng",NA,"int3_st1",4,2,0,0,0,0
56,"MC1","sos",NA,NA,NA,"Naiara","Eng",NA,"int3_st2",5,2,1,0,1,0
56,"MC1","sos",NA,NA,NA,"Naiara","Eng",NA,"int3_st3",2,2,2,0,2,0
56,"MC1","sos",NA,NA,NA,"Naiara","Eng",NA,"int3_st4",2,2,3,1,2,1
56,"MC1","sos",NA,NA,NA,"Naiara","Eng",NA,"int3_st5",0,2,4,1,2,2
57,"MC1","direct",NA,NA,NA,"Karishma","Eng",NA,"int1_st1",2,0,0,0,0,0
57,"MC1","direct",NA,NA,NA,"Karishma","Eng",NA,"int1_st2",0,0,1,0,0,1
57,"MC1","direct",NA,NA,NA,"Karishma","Eng",NA,"int1_st3",0,0,2,0,0,2
57,"MC1","direct",NA,NA,NA,"Karishma","Eng",NA,"int1_st4",1,0,3,1,0,3
57,"MC1","direct",NA,NA,NA,"Karishma","Eng",NA,"int1_st5",1,0,4,1,0,4
57,"MC1","direct",NA,NA,NA,"Karishma","Eng",NA,"int2_st1",2,1,0,0,0,0
57,"MC1","direct",NA,NA,NA,"Karishma","Eng",NA,"int2_st2",1,1,1,0,1,0
57,"MC1","direct",NA,NA,NA,"Karishma","Eng",NA,"int2_st3",0,1,2,0,1,1
57,"MC1","direct",NA,NA,NA,"Karishma","Eng",NA,"int2_st4",1,1,3,1,1,2
57,"MC1","direct",NA,NA,NA,"Karishma","Eng",NA,"int2_st5",1,1,4,1,1,3
57,"MC1","direct",NA,NA,NA,"Karishma","Eng",NA,"int3_st1",2,2,0,0,0,0
57,"MC1","direct",NA,NA,NA,"Karishma","Eng",NA,"int3_st2",1,2,1,0,1,0
57,"MC1","direct",NA,NA,NA,"Karishma","Eng",NA,"int3_st3",4,2,2,0,2,0
57,"MC1","direct",NA,NA,NA,"Karishma","Eng",NA,"int3_st4",1,2,3,1,2,1
57,"MC1","direct",NA,NA,NA,"Karishma","Eng",NA,"int3_st5",1,2,4,1,2,2
58,"MC2","direct",NA,NA,NA,"Naiara","Eng",NA,"int1_st1",1,0,0,0,0,0
58,"MC2","direct",NA,NA,NA,"Naiara","Eng",NA,"int1_st2",1,0,1,0,0,1
58,"MC2","direct",NA,NA,NA,"Naiara","Eng",NA,"int1_st3",2,0,2,0,0,2
58,"MC2","direct",NA,NA,NA,"Naiara","Eng",NA,"int1_st4",2,0,3,1,0,3
58,"MC2","direct",NA,NA,NA,"Naiara","Eng",NA,"int1_st5",1,0,4,1,0,4
58,"MC2","direct",NA,NA,NA,"Naiara","Eng",NA,"int2_st1",1,1,0,0,0,0
58,"MC2","direct",NA,NA,NA,"Naiara","Eng",NA,"int2_st2",1,1,1,0,1,0
58,"MC2","direct",NA,NA,NA,"Naiara","Eng",NA,"int2_st3",2,1,2,0,1,1
58,"MC2","direct",NA,NA,NA,"Naiara","Eng",NA,"int2_st4",2,1,3,1,1,2
58,"MC2","direct",NA,NA,NA,"Naiara","Eng",NA,"int2_st5",1,1,4,1,1,3
58,"MC2","direct",NA,NA,NA,"Naiara","Eng",NA,"int3_st1",1,2,0,0,0,0
58,"MC2","direct",NA,NA,NA,"Naiara","Eng",NA,"int3_st2",1,2,1,0,1,0
58,"MC2","direct",NA,NA,NA,"Naiara","Eng",NA,"int3_st3",2,2,2,0,2,0
58,"MC2","direct",NA,NA,NA,"Naiara","Eng",NA,"int3_st4",2,2,3,1,2,1
58,"MC2","direct",NA,NA,NA,"Naiara","Eng",NA,"int3_st5",1,2,4,1,2,2
59,"MC3","direct",NA,NA,NA,"Naiara","Eng",NA,"int1_st1",1,0,0,0,0,0
59,"MC3","direct",NA,NA,NA,"Naiara","Eng",NA,"int1_st2",2,0,1,0,0,1
59,"MC3","direct",NA,NA,NA,"Naiara","Eng",NA,"int1_st3",0,0,2,0,0,2
59,"MC3","direct",NA,NA,NA,"Naiara","Eng",NA,"int1_st4",0,0,3,1,0,3
59,"MC3","direct",NA,NA,NA,"Naiara","Eng",NA,"int1_st5",2,0,4,1,0,4
59,"MC3","direct",NA,NA,NA,"Naiara","Eng",NA,"int2_st1",0,1,0,0,0,0
59,"MC3","direct",NA,NA,NA,"Naiara","Eng",NA,"int2_st2",3,1,1,0,1,0
59,"MC3","direct",NA,NA,NA,"Naiara","Eng",NA,"int2_st3",0,1,2,0,1,1
59,"MC3","direct",NA,NA,NA,"Naiara","Eng",NA,"int2_st4",0,1,3,1,1,2
59,"MC3","direct",NA,NA,NA,"Naiara","Eng",NA,"int2_st5",2,1,4,1,1,3
59,"MC3","direct",NA,NA,NA,"Naiara","Eng",NA,"int3_st1",0,2,0,0,0,0
59,"MC3","direct",NA,NA,NA,"Naiara","Eng",NA,"int3_st2",3,2,1,0,1,0
59,"MC3","direct",NA,NA,NA,"Naiara","Eng",NA,"int3_st3",3,2,2,0,2,0
59,"MC3","direct",NA,NA,NA,"Naiara","Eng",NA,"int3_st4",0,2,3,1,2,1
59,"MC3","direct",NA,NA,NA,"Naiara","Eng",NA,"int3_st5",2,2,4,1,2,2
60,"MC1","sos",NA,NA,NA,"Minna","Swe","Anette","int1_st1",4,0,0,0,0,0
60,"MC1","sos",NA,NA,NA,"Minna","Swe","Anette","int1_st2",1,0,1,0,0,1
60,"MC1","sos",NA,NA,NA,"Minna","Swe","Anette","int1_st3",1,0,2,0,0,2
60,"MC1","sos",NA,NA,NA,"Minna","Swe","Anette","int1_st4",0,0,3,1,0,3
60,"MC1","sos",NA,NA,NA,"Minna","Swe","Anette","int1_st5",1,0,4,1,0,4
60,"MC1","sos",NA,NA,NA,"Minna","Swe","Anette","int2_st1",2,1,0,0,0,0
60,"MC1","sos",NA,NA,NA,"Minna","Swe","Anette","int2_st2",3,1,1,0,1,0
60,"MC1","sos",NA,NA,NA,"Minna","Swe","Anette","int2_st3",1,1,2,0,1,1
60,"MC1","sos",NA,NA,NA,"Minna","Swe","Anette","int2_st4",2,1,3,1,1,2
60,"MC1","sos",NA,NA,NA,"Minna","Swe","Anette","int2_st5",1,1,4,1,1,3
60,"MC1","sos",NA,NA,NA,"Minna","Swe","Anette","int3_st1",2,2,0,0,0,0
60,"MC1","sos",NA,NA,NA,"Minna","Swe","Anette","int3_st2",3,2,1,0,1,0
60,"MC1","sos",NA,NA,NA,"Minna","Swe","Anette","int3_st3",2,2,2,0,2,0
60,"MC1","sos",NA,NA,NA,"Minna","Swe","Anette","int3_st4",3,2,3,1,2,1
60,"MC1","sos",NA,NA,NA,"Minna","Swe","Anette","int3_st5",0,2,4,1,2,2
61,"MC3","sos",NA,NA,NA,"Minna","Swe","data loss interview 3, coded with interviewer","int1_st1",0,0,0,0,0,0
61,"MC3","sos",NA,NA,NA,"Minna","Swe","data loss interview 3, coded with interviewer","int1_st2",1,0,1,0,0,1
61,"MC3","sos",NA,NA,NA,"Minna","Swe","data loss interview 3, coded with interviewer","int1_st3",0,0,2,0,0,2
61,"MC3","sos",NA,NA,NA,"Minna","Swe","data loss interview 3, coded with interviewer","int1_st4",0,0,3,1,0,3
61,"MC3","sos",NA,NA,NA,"Minna","Swe","data loss interview 3, coded with interviewer","int1_st5",1,0,4,1,0,4
61,"MC3","sos",NA,NA,NA,"Minna","Swe","data loss interview 3, coded with interviewer","int2_st1",0,1,0,0,0,0
61,"MC3","sos",NA,NA,NA,"Minna","Swe","data loss interview 3, coded with interviewer","int2_st2",1,1,1,0,1,0
61,"MC3","sos",NA,NA,NA,"Minna","Swe","data loss interview 3, coded with interviewer","int2_st3",0,1,2,0,1,1
61,"MC3","sos",NA,NA,NA,"Minna","Swe","data loss interview 3, coded with interviewer","int2_st4",0,1,3,1,1,2
61,"MC3","sos",NA,NA,NA,"Minna","Swe","data loss interview 3, coded with interviewer","int2_st5",1,1,4,1,1,3
61,"MC3","sos",NA,NA,NA,"Minna","Swe","data loss interview 3, coded with interviewer","int3_st1",0,2,0,0,0,0
61,"MC3","sos",NA,NA,NA,"Minna","Swe","data loss interview 3, coded with interviewer","int3_st2",1,2,1,0,1,0
61,"MC3","sos",NA,NA,NA,"Minna","Swe","data loss interview 3, coded with interviewer","int3_st3",0,2,2,0,2,0
61,"MC3","sos",NA,NA,NA,"Minna","Swe","data loss interview 3, coded with interviewer","int3_st4",0,2,3,1,2,1
61,"MC3","sos",NA,NA,NA,"Minna","Swe","data loss interview 3, coded with interviewer","int3_st5",0,2,4,1,2,2
