"id","interview","confidence","motivation","interview_qual","interviewer_qual","self_assessment","age","gender","StartDate","EndDate","Status","Progress","Duration (in seconds)","Finished","RecordedDate","ResponseId","DistributionChannel","UserLanguage","consent","interview_statements_1","interview_statements_2","interview_statements_3","interview_statements_4","knowledge_before","new_info","strategy","strategy_free","change_strategy","change_strategy_free","interview_adj_1","interview_adj_2","interview_adj_3","interview_adj_4","interview_adj_5","interview_adj_6","interviewer_adj_1","interviewer_adj_2","interviewer_adj_3","interviewer_adj_4","interviewer_adj_5","interviewer_adj_6","lie_scale#1_1_1","lie_scale#1_2_1","lie_scale#1_3_1","lie_scale#1_4_1","lie_scale#1_5_1","lie_scale#2_1_1","lie_scale#2_2_1","lie_scale#2_3_1","lie_scale#2_4_1","lie_scale#2_5_1","style","interviewer","interview_adj_2_R","interview_adj_4_R","interviewer_adj_2_R","interviewer_adj_3_R","interviewer_adj_6_R"
1,0,4,6,3.33333333333333,3.66666666666667,2.25,26,2,2023-03-06 09:52:46,2023-03-06 11:54:06,0,100,7279,1,2023-03-06 11:54:06,"R_qyhk2sIHhkdD06R","anonymous","EN",1,2,4,1,2,5,5,1,"My strategy was to describe a different day at the department. I study here and I come here often to work so I basically describe my typical workday here.",2,NA,4,2,3,3,4,2,4,4,1,2,4,1,0,0,0,"0","0",0,2,0,0,0,"sos","Hanna",4,3,2,5,5
1,2,5,5,2,3.16666666666667,1.5,NA,NA,2023-03-16 14:31:09,2023-03-16 16:05:36,0,100,5666,1,2023-03-16 16:05:37,"R_3m2bEiafnuRJenP","anonymous","EN",1,1,2,1,2,6,1,1,"Yes, the same strategy as in interview 1 and 2.",2,NA,2,4,2,4,2,2,2,4,1,2,3,1,0,0,0,"0","0",0,0,0,0,0,"sos","Hanna",2,2,2,5,5
1,1,4,3,3.66666666666667,3.83333333333333,2.5,NA,NA,2023-03-14 15:47:17,2023-03-14 16:19:07,0,100,1909,1,2023-03-14 16:19:07,"R_2cwj8ZxoOiynbik","anonymous","EN",1,1,4,1,4,5,1,1,"I had the same strategy as last time and I stick to the exact same story as I said last time, included the same details etc.",2,NA,4,2,5,2,3,2,2,1,1,2,4,1,0,0,0,"0","0",0,0,0,0,1,"sos","Hanna",4,4,5,5,5
2,0,3,6,2.66666666666667,3.83333333333333,2.25,35,1,2023-03-06 13:07:43,2023-03-06 14:50:40,0,100,6176,1,2023-03-06 14:50:40,"R_2fs6v0GHkQr3LCU","anonymous","EN",1,2,2,2,3,6,1,1,"Jag hann inte fundera ut en tydlig strategi men tänkte snabbt att jag måste hålla mig så nära sanningen som möjligt så att min historia överensstämde med andra uppgifter dom hade men utelämna brotten. Annan strategi var att vara otydlig och inte minnas så bra",1,"När jag fick reda på att de hade filmat material så lade jag märke till det, kanske att jag bestämde mig för att säga mer att jag inte mindes vad jag gjort. Annars gick det i linje med tidigare strategi, att vara så nära sanningen så möjligt",2,4,1,1,4,2,3,3,1,3,4,1,2,1,0,"0","0",0,0,0,0,0,"sos","Minna",2,5,3,5,5
2,1,5,6,3.83333333333333,4.16666666666667,2.25,NA,NA,2023-03-15 08:56:32,2023-03-15 09:28:56,0,100,1944,1,2023-03-15 09:28:56,"R_1Kk95GlO7deHG7x","anonymous","EN",1,3,1,3,2,5,2,1,"Samma som innan att hålla mig nära sanningen men lämna ute tillfällena jag begick brott. Så att jag inte behövde ljuga om allt.",2,"Den här gången var jag beredd på att det kunde komma fram att de hade mer information än jag trodde, som med fingeravtrycken. Men det förändrade inte strategin så mycket.",3,3,4,1,4,4,4,3,1,4,4,1,0,2,0,"0","0",0,0,0,0,0,"sos","Minna",3,5,3,5,5
2,2,5,6,3.5,4,2,NA,NA,2023-03-21 10:42:14,2023-03-21 11:26:56,0,100,2682,1,2023-03-21 11:26:57,"R_2rMTW77PgVqGVml","anonymous","EN",1,2,1,3,2,5,1,1,"Berätta en historia så nära sanningen som möjligt men utelämna de delar där jag begick brott. För att behöva ljuga så lite som möjligt",2,NA,3,3,4,1,3,3,4,3,1,3,4,1,1,0,0,"0","0",0,0,0,0,0,"sos","Minna",3,5,3,5,5
3,0,2,7,4.16666666666667,3.16666666666667,2,27,1,2023-03-06 14:09:15,2023-03-06 14:50:36,0,100,2480,1,2023-03-06 14:50:36,"R_12GAKOEz1C7VMVm","anonymous","EN",1,1,3,1,3,2,2,1,"say nothing important",2,NA,4,1,4,1,4,3,3,2,2,1,3,2,0,0,0,"0","0",0,2,0,2,0,"direct","Naiara",5,5,4,4,4
3,2,3,6,3,2.33333333333333,1.75,NA,NA,2023-03-15 09:44:46,2023-03-15 10:17:31,0,100,1964,1,2023-03-15 10:17:31,"R_1E0vnpQ0QlejhJ6","anonymous","EN",1,1,2,1,3,5,2,1,"say nothing important",2,NA,4,1,2,4,3,2,3,4,4,1,4,4,0,2,2,"0","0",0,2,0,2,0,"direct","Naiara",5,2,2,2,2
3,1,2,7,3.5,3,2,NA,NA,2023-03-09 12:48:40,2023-03-09 13:18:46,0,100,1806,1,2023-03-09 13:18:47,"R_1IL5h9qyY3SjX9B","anonymous","EN",1,2,2,1,3,5,1,1,"say nothing important",2,NA,4,2,4,2,2,3,3,4,3,1,4,1,0,2,2,"0","0",0,2,0,0,0,"direct","Naiara",4,4,2,3,5
4,1,3,6,3,3.66666666666667,2.25,NA,NA,2023-03-13 15:06:55,2023-03-13 15:53:28,0,100,2793,1,2023-03-13 15:53:28,"R_7Vrol4TANxSOGJ3","anonymous","EN",1,3,2,1,3,5,2,1,"Inte svara mer än nödvändigt. Inte ge massa detaljer om hon inte frågar. En strategi jag tänkte mig var att jag inte måste komma ihåg allt och svara på exakt samma vis utan försökte glömma detaöljer så som man gör i vardagslivet. En annan sak jag tänkte på var att jag skulle hålla blicken stadig men det misslyckades jag med",2,NA,5,4,2,1,2,2,3,2,1,2,3,1,0,1,0,"0","0",0,0,0,0,0,"direct","Sandra",2,5,4,5,5
4,0,2,6,3.16666666666667,4.16666666666667,2.75,27,2,2023-03-06 14:50:43,2023-03-06 15:49:14,0,100,3510,1,2023-03-06 15:49:15,"R_1exd94kN2bKt6VV","anonymous","EN",1,2,3,2,4,6,4,1,"Jag ska inte förneka tex att jag gjorde vissa saker som att jag var på den platsen som hon frågade efter. Jag ska säga ja till att jag gjorde det mesta men förneka till det som är kopplat till brottet.",2,NA,5,3,2,2,3,2,4,1,1,3,4,2,0,2,1,"0","0",0,0,0,0,0,"direct","Sandra",3,4,5,5,4
4,2,3,5,2.83333333333333,2.66666666666667,2.25,NA,NA,2023-03-15 10:52:44,2023-03-15 11:38:38,0,100,2754,1,2023-03-15 11:38:38,"R_3hbyzVBYHTwByFT","anonymous","EN",1,3,2,1,3,6,5,NA,"Säga samma sak, verka lugn.",2,NA,4,4,2,1,2,2,2,3,1,2,2,4,0,0,0,"0","0",0,0,0,1,0,"direct","Sandra",2,5,3,5,2
5,0,6,7,4.66666666666667,4.33333333333333,3.25,23,2,2023-03-06 14:50:46,2023-03-06 16:50:21,0,100,7174,1,2023-03-06 16:50:21,"R_1lB6hu7Az8A74Qd","anonymous","EN",1,4,3,2,4,2,3,1,"strategy was to start with head on acknowledging my presence in one of the areas that i was in but for innocent purposes. I expected a bit tougher interrogation so i had explanation for my presence in all areas but it was relatively to persuade the interrogator that i only visited one of the areas and there were no follow up questions.",1,"as mentioned before, interrogation wasn't as tough as i expected so i decided to release as little information as possible and see how much pressure would be put on me - which was not much",5,1,4,1,4,5,5,1,1,4,3,2,0,0,0,"0","0",0,0,0,0,0,"direct","Karishma",5,5,5,5,4
5,2,4,6,4.16666666666667,4.5,3,NA,NA,2023-03-21 15:52:21,2023-03-21 16:21:05,0,100,1724,1,2023-03-21 16:21:06,"R_AECA06zJqgt72oh","anonymous","EN",1,4,4,1,3,4,6,1,"Talk about the locations I've been to that i talked before about. be aware of the locations that i think i have been seen by other people and not deny being there nor my actions but rather give a logical and innocent explanation to what and why i was doing there",2,NA,4,2,4,2,4,5,4,2,1,5,5,2,0,0,0,"0","0",0,0,0,0,0,"direct","Karishma",4,4,4,5,4
5,1,4,4,4,4.5,3,NA,NA,2023-03-15 15:23:36,2023-03-15 16:25:21,0,100,3704,1,2023-03-15 16:25:22,"R_117Wa4i5Tv7ZJDc","anonymous","EN",1,2,3,3,4,2,7,1,"i knew there were people in the room with the piano. on the day of the experiment i thought they are not part of the study therefore i didn't wanted to disturb them so i approached head on. now thinking back im realizing they might have played the role of witness and therefore there's no point denying that i was there or try to cover it up so i directly said that i took the recorder and why i did so, and claimed that i put it back after the people left the piano room",2,NA,4,2,4,1,4,3,3,1,1,4,5,1,0,0,0,"0","0",0,0,0,0,0,"direct","Karishma",4,5,5,5,5
6,1,5,6,2,3,2,NA,NA,2023-03-31 12:49:40,2023-03-31 13:25:42,0,100,2161,1,2023-03-31 13:25:43,"R_31mIi8EyyHlgmRO","anonymous","EN",1,1,2,1,4,6,2,1,"Jag spelade mycket på förvirring och dåligt minne. Det är trots allt naturligt om jag inte minns i detalj vad jag gjorde här för en vecka sen när jag är här varje dag.",2,NA,4,4,1,4,1,2,4,5,2,3,4,4,0,0,0,"0","0",0,2,0,0,0,"sos","Minna",2,2,1,4,2
6,0,5,6,2.5,2.83333333333333,2.25,26,1,2023-03-28 09:00:00,2023-03-28 09:48:23,0,100,2903,1,2023-03-28 09:48:23,"R_31cJs23CY8m3Wnz","anonymous","EN",1,2,1,2,4,4,5,1,"Försöka låta så naturlig som möjligt, försöka få det att låta som att jag bara var en vanlig student som hade en helt ordinär dag.",2,NA,4,4,2,3,2,2,3,5,2,2,4,3,0,0,0,"0","0",0,2,0,0,1,"sos","Minna",2,3,1,4,3
6,2,5,6,2.5,3.16666666666667,2,NA,NA,2023-04-14 12:57:40,2023-04-14 13:43:41,0,100,2760,1,2023-04-14 13:43:42,"R_25QnFXjSTjBPPAM","anonymous","EN",1,2,1,1,4,5,2,1,"Generellt att spela på minneskortet, att betona att det inte är rimligt att jag minns varje detalj från varje besök på ett ställe jag besöker varje dag. Jag försökte att väen normalisera mina handlingar genom att betona att det jag gjorde var helt vardagliga och basala grejer, som att lämna min matlåda och ta lite luft.",2,NA,4,3,2,4,2,2,4,5,2,2,5,3,0,0,0,"0","0",1,3,0,1,0,"sos","Minna",3,2,1,4,3
7,0,2,5,3.16666666666667,4,3.25,31,2,2023-03-28 10:13:35,2023-03-28 11:17:27,0,100,3832,1,2023-03-28 11:17:29,"R_1gcOuOj0CdsEmpT","anonymous","EN",1,3,4,2,4,6,6,1,"Tell the truth about my real activities but those before the fictional crimes",2,NA,4,3,3,3,3,3,4,3,1,3,4,1,0,0,0,"0","0",0,0,0,0,0,"sos","Hanna",3,3,3,5,5
7,1,4,5,3.16666666666667,3.83333333333333,2.25,NA,NA,2023-03-30 15:42:23,2023-03-30 16:15:10,0,100,1966,1,2023-03-30 16:15:11,"R_12EA8OUa9ZdtseC","anonymous","EN",1,2,3,1,3,5,5,1,"Pretty much the same as the last time -- I am telling the truth and list all the activities, except for the ""criminal"" ones",2,NA,4,3,2,2,3,3,4,4,1,2,5,1,0,0,0,"0","0",0,0,1,0,0,"sos","Hanna",3,4,2,5,5
7,2,4,5,3,3.66666666666667,2.25,NA,NA,2023-04-03 12:52:07,2023-04-03 13:16:44,0,100,1476,1,2023-04-03 13:16:45,"R_2Yb7dYUydP9L1FZ","anonymous","EN",1,2,2,2,3,5,4,1,"Same as the last time -- tell the truth, omitting the actual ""crime"" events",2,NA,4,3,2,3,3,3,4,4,1,3,4,2,0,1,0,"0","0",0,0,0,0,0,"sos","Hanna",3,3,2,5,4
8,1,1,7,3.83333333333333,4,3,NA,NA,2023-03-29 12:34:07,2023-03-29 13:28:08,0,100,3241,1,2023-03-29 13:28:09,"R_2ah1TT2ofB8PmM6","anonymous","EN",1,2,4,2,4,5,3,1,"I still insisted on the absurdity of the accusations and continued to support my alibi of studying with classmates before my arrest.",1,"This time I was ready to adapt my story to the evidence of me visiting the crime areas and somehow include them in my alibi story. The fingerprint evidence on the piano stool was easy to dodge as I claimed stumbling on the stool, which could explain the evidence.",4,2,4,2,4,3,3,2,1,3,4,1,1,0,0,"0","0",0,0,0,0,0,"sos","Karishma",4,4,4,5,5
8,2,3,7,3.66666666666667,4,2.5,NA,NA,2023-04-03 13:23:16,2023-04-03 14:31:13,0,100,4077,1,2023-04-03 14:31:14,"R_SUDgfCNs17l3wqt","anonymous","EN",1,2,2,2,4,3,3,1,"I insisted on my innocence, ready to adapt my story to the evidence the interviewer would present. I tried to confuse the interviewer by giving mixed signs of a potential psychological condition I might have which causes episodic memory loss.",2,NA,4,1,2,2,4,3,3,2,1,3,4,1,0,0,0,"0","0",0,0,0,0,0,"sos","Karishma",5,4,4,5,5
8,0,2,6,3.16666666666667,3.83333333333333,1,27,1,2023-03-28 12:41:48,2023-03-28 13:52:56,0,100,4267,1,2023-03-28 13:52:58,"R_Rnx6fVfvyJQVpdv","anonymous","EN",1,1,1,1,1,3,5,1,"I attempted to convince the interviewer of my innocence by arguing on my everyday presence the department as a master's student. Also, I claimed that as a master's student I did not have access to the area she was accusing me of being. Last, I pretended to be frustrated by the false accusation and demanded to see evidence of me committing the crime.",2,NA,4,2,4,4,2,3,4,4,1,3,4,1,0,0,0,"0","0",0,2,1,0,0,"sos","Karishma",4,2,2,5,5
9,0,4,6,3,4,3.25,32,2,2023-03-31 13:29:50,2023-03-31 15:50:44,0,100,8453,1,2023-03-31 15:50:44,"R_3PTb0aJ6GAg6e91","anonymous","EN",1,3,3,4,3,2,5,1,"Ge en trovärdig anledning till varför jag besökte byggnaden. Ljuga så lite som möjligt. Erkänna att jag hade besökt platserna jag varit på (tänkte att de kanske redan hade kännedom om att jag varit där) men inte erkänna någon av de brottsliga handlingarna.",1,"Var nog inte helt säker från början på hur mycket jag skulle delge av var jag varit i byggnaden men bestämde mig under intervjuns gång för att berätta om alla platserna jag kunde minnas at tjag varit på. Osäker på varför, kan nog ha haft att göra med att intervjuaren fortsatte ställa frågor om var jag befunnit mig och vad jag hade sett och då kändes det enkalre att berätta om avr jag varit än att ljuga. Valde dock att inte berätta om den sista delen nere i källaren, tyckte nog den var svårast att få in i narrativet som jag valde att köra på kring att jag var i bygganden för att ""kolla in lokalerna"".",4,3,2,3,4,2,3,2,1,3,4,1,0,0,0,"0","0",0,0,1,0,0,"direct","Naiara",3,3,4,5,5
9,1,4,5,2.83333333333333,3.5,2.75,NA,NA,2023-04-21 10:20:12,2023-04-21 11:22:32,0,100,3739,1,2023-04-21 11:22:32,"R_WDs6rvqDTSRX1Hr","anonymous","EN",1,2,3,3,3,5,2,1,"Hålla mig så nära berättelsen jag gav förra gången som möjligt.",2,NA,4,3,2,3,3,2,2,2,1,2,3,1,0,0,0,"0","0",0,0,1,1,0,"direct","Naiara",3,3,4,5,5
9,2,4,5,2.33333333333333,3,2.5,NA,NA,2023-04-24 13:17:36,2023-04-24 13:58:03,0,100,2427,1,2023-04-24 13:58:04,"R_1MndxHpq9iAeqKB","anonymous","EN",1,3,2,2,3,4,2,1,"Hålla mig i så stor utsträckning som möjligt till samma berättelse som under tidigare intervjuer. Inte lägga till någon ny information. Inte erkänna någon av de ""kriminella aktiviteterna"". Hålla fast vid att jag inte mindes ordningen på händelserna trots att jag upplevde att intervjuaren försökte få mig att säga att de skedde i en viss ordning.",1,"När jag märkte att intervjuaren började fråga om ordningen på händelserna insåg jag att jag behövde hålla fast vid att jag inte mindes den för att inte ändra på min historia. Det var kanske inte en ändring av min ursprungliga strategi utan mer att jag blev insåg under intervjuns gång att jag behövde vara tydlig med det.",3,4,2,3,2,2,2,3,2,2,3,2,1,1,0,"0","0",0,0,0,0,0,"direct","Naiara",2,3,3,4,4
10,0,3,6,2.83333333333333,2.66666666666667,2,32,2,2023-04-06 12:05:06,2023-04-06 12:55:46,0,100,3040,1,2023-04-06 12:55:47,"R_ekyXtQYEsxo9yEN","anonymous","EN",1,2,2,2,2,4,5,1,"Hade ett annat uppdrag på institutionen, tappade min cykelnyckel när jag letade påskägg igår så va runt och letade efter den på olika ställen",1,"Lite, försökte få intervjaren att tro att jag var förvånad över att de sett mig på övervakningskameran, velat se filmen själv. Sagt att de måste ha blandat ihop mig med någon.",4,3,2,2,2,2,3,4,2,2,3,4,0,0,0,"0","0",1,0,0,0,0,"sos","Sandra",3,4,2,4,2
10,1,2,5,2.83333333333333,3,1.75,NA,NA,2023-04-12 11:40:21,2023-04-12 12:27:05,0,100,2803,1,2023-04-12 12:27:05,"R_2OGYmCrBUaYE6iZ","anonymous","EN",1,1,2,2,2,5,4,1,"Försökte hålla mig till samma historia som jag hade förra gången men fick bygga på den lite. Sa att jag dejtade en som jobbade på institutionen vara kort jag lånade.",2,NA,4,2,2,3,2,2,3,4,1,2,3,3,1,1,1,"0","0",1,0,0,0,1,"sos","Sandra",4,3,2,5,3
10,2,2,5,2.16666666666667,2.66666666666667,1.25,NA,NA,2023-04-13 12:56:34,2023-04-13 13:29:09,0,100,1954,1,2023-04-13 13:29:09,"R_3si8EvHlzfFEsda","anonymous","EN",1,1,1,2,1,5,5,1,"Försökte hålla mig till den tidigare strategin om att jag letade efter min cykelnyckel och komma ihåg vad jag sagt tidigare. Försökte även visa att det va jobbigt att bli anklagad.",2,NA,3,4,2,4,3,1,2,4,1,2,3,4,1,0,0,"0","0",0,0,0,0,0,"sos","Sandra",2,2,2,5,2
11,0,6,7,3.33333333333333,4.33333333333333,2.5,28,2,2023-04-06 14:23:03,2023-04-11 12:56:53,0,100,426830,1,2023-04-11 12:56:54,"R_C1Y2Fsk2FWX7wPL","anonymous","EN",1,2,2,4,2,4,5,1,"Jag försökte ligga nära sanningen och beskriva var jag hade varit utan att berätta vad jag gjort.",2,NA,2,3,2,1,4,4,5,3,1,4,4,1,1,0,0,"0","0",0,0,0,0,0,"sos","Minna",3,5,3,5,5
11,1,3,7,3.33333333333333,3,3.75,NA,NA,2023-04-12 15:22:40,2023-04-12 16:05:08,0,100,2548,1,2023-04-12 16:05:09,"R_2QPAJz9HX7yL2cT","anonymous","EN",1,4,4,4,3,4,6,1,"Hålla mig så nära sanningen som möjligt men inte säga exakt vad jag gjort. Jag ville säga att jag befunnit mig i områdena som jag varit för att inte behöva förklara varför jag inte kom ihåg om intervjuaren skulle fråga.",2,NA,4,2,3,2,2,3,4,4,2,3,2,3,0,0,0,"0","0",0,0,0,0,0,"sos","Minna",4,4,2,4,3
11,2,4,7,3.33333333333333,3,3,NA,NA,2023-04-17 15:57:08,2023-04-18 14:59:43,0,100,82954,1,2023-04-18 14:59:43,"R_12f0uYkxJluvfDL","anonymous","EN",1,4,3,2,3,5,3,1,"Fortsätta med samma historia som på tidigare tillfällen och ändra så lite som möjligt. Hålla mig nära till sanningen.",2,NA,4,4,4,3,4,3,4,4,2,3,3,4,0,0,0,"0","0",0,0,0,0,0,"sos","Minna",2,3,2,4,2
12,0,3,5,3.83333333333333,3.83333333333333,2.75,44,1,2023-04-11 12:57:01,2023-04-11 14:13:47,0,100,4605,1,2023-04-11 14:13:49,"R_24jXI4FwwdMKP1c","anonymous","EN",1,2,1,5,3,3,6,1,"Admitting I was in the areas I visited since I guessed she knew that beforehand. I made up ordinary everyday (studying) activities to explain what I was doing.",2,"I used the strategy I described and added in the end that I was surprised being summoned to the interrogation, but I don't know if I sounded authentic.",4,2,4,2,4,3,5,3,1,3,2,1,0,0,1,"0","0",1,0,0,0,0,"direct","Karishma",4,4,3,5,5
12,2,3,5,4,3.5,3.5,NA,NA,2023-04-18 14:59:47,2023-04-18 15:55:35,0,100,3348,1,2023-04-18 15:55:35,"R_12tzYlQqncO25iJ","anonymous","EN",1,2,4,5,3,5,3,1,"Admit I was at the places I visited but did ordinary stuff. Remember what I said last time and rehearse it before. However I forgot that I went to the 4th floor (""to visit the professor"") in the first part of the interview but remembered it later.",2,NA,4,1,4,2,3,4,3,4,1,3,3,1,0,0,0,"0","0",0,0,1,0,0,"direct","Karishma",5,4,2,5,5
12,1,2,4,3.66666666666667,3.66666666666667,3.5,NA,NA,2023-04-13 16:18:47,2023-04-13 16:57:09,0,100,2301,1,2023-04-13 16:57:09,"R_3qPx4bvaWLl2YwQ","anonymous","EN",1,2,4,4,4,5,6,1,"Admit I where at the places I were in reality but that I didn't do anything suspicious, just ordinary stuff.",2,NA,4,2,4,2,3,3,4,4,1,3,3,1,0,0,0,"0","0",0,0,0,0,0,"direct","Karishma",4,4,2,5,5
13,0,3,5,4,3.66666666666667,2.5,23,1,2023-04-12 14:26:00,2023-04-12 15:22:36,0,100,3396,1,2023-04-12 15:22:37,"R_3R9NhvssNgnbmrL","anonymous","EN",1,2,3,2,3,4,2,1,"Deny everything without legal counsel present",2,NA,4,1,4,3,4,4,3,4,1,3,4,1,1,8,1,"0","0",5,1,0,0,3,"sos","Hanna",5,3,2,5,5
13,2,4,5,4.16666666666667,4,2.75,NA,NA,2023-04-14 13:43:50,2023-04-17 15:57:10,0,100,267199,1,2023-04-17 15:57:12,"R_Cklrmo4o3lYp4dP","anonymous","EN",1,2,3,2,4,6,2,1,"Deny and delfect",2,NA,5,2,5,2,2,5,4,2,1,2,4,1,0,5,0,"0","0",1,0,0,2,4,"sos","Hanna",4,4,4,5,5
13,1,4,6,3.5,3.33333333333333,2.5,NA,NA,2023-04-13 13:29:28,2023-04-13 14:13:56,0,100,2667,1,2023-04-13 14:13:58,"R_1rP4H9r7r2n6Ydz","anonymous","EN",1,2,3,2,3,5,5,1,"Deny everything, share some meaningless info to see reaction",2,NA,4,3,4,1,2,3,3,4,1,1,4,1,12,17,0,"0","0",3,0,0,6,0,"sos","Hanna",3,5,2,5,5
14,0,2,5,2.5,2.33333333333333,3.25,21,2,2023-04-12 16:05:13,2023-04-13 12:56:30,0,100,75076,1,2023-04-13 12:56:32,"R_31sjhThqw5gQaGj","anonymous","EN",1,3,4,2,4,6,2,1,"No denying that I was there. Tell them as detailed possible what I did at the faculty (picking up a friend, going to the bathroom). Tell the same story over and over",2,NA,3,4,2,2,2,2,2,3,4,2,2,3,0,1,0,"0","0",0,0,0,0,0,"sos","Hanna",2,4,3,2,3
14,1,5,5,3.66666666666667,3,3.5,NA,NA,2023-04-21 09:30:09,2023-04-21 10:13:42,0,100,2613,1,2023-04-21 10:13:43,"R_2fBVJ3LsaY6svUU","anonymous","EN",1,4,3,3,4,6,2,1,"Tell the same story over and over again",2,NA,4,2,4,3,4,3,4,3,2,2,2,3,0,0,0,"0","0",0,0,0,0,0,"sos","Hanna",4,3,3,4,3
14,2,5,6,3.83333333333333,3.66666666666667,3,NA,NA,2023-04-24 14:18:56,2023-04-24 14:45:39,0,100,1602,1,2023-04-24 14:45:40,"R_1FhuNq9c9D2779O","anonymous","EN",1,2,3,3,4,6,2,1,"Telling the same story over and over again",1,"Saying things like - I wish I could help you but I just told you my story. Also got a little defensive because I had to repeat myself over and over",4,2,4,2,4,3,4,2,2,4,3,3,0,0,0,"0","0",0,0,0,0,0,"sos","Hanna",4,4,4,4,3
15,0,3,4,3.16666666666667,4.5,3.75,23,1,2023-04-14 08:48:46,2023-04-14 09:50:23,0,100,3696,1,2023-04-14 09:50:25,"R_23954Ab6y2YPgBC","anonymous","EN",1,4,4,3,4,5,4,1,"Jag är student, min historia byggde på att jag var på institutionen för att förbereda mig inför en uppgift.",2,NA,4,4,2,1,3,3,5,1,1,3,4,1,0,1,0,"0","0",2,2,0,0,0,"direct","Minna",2,5,5,5,5
15,2,6,5,2.66666666666667,4.33333333333333,3.5,NA,NA,2023-04-21 13:44:37,2023-04-21 14:17:31,0,100,1974,1,2023-04-21 14:17:32,"R_YY0ouDVXbvLMA4F","anonymous","EN",1,3,4,2,5,4,2,1,"Jag är student på institutionen, min utsaga bygger på att jag var här i studiesyfte.",2,NA,3,4,2,2,3,2,4,1,1,3,4,1,0,0,0,"0","0",0,0,0,0,0,"direct","Minna",2,4,5,5,5
15,1,5,5,2.5,4.16666666666667,3.25,NA,NA,2023-04-19 13:59:57,2023-04-19 14:20:22,0,100,1225,1,2023-04-19 14:20:23,"R_3D0AjDxKN3UfbKF","anonymous","EN",1,3,4,2,4,5,2,1,"Jag är student på institutionen, min historia bygger på att mitt besök var i studiesyfte.",2,NA,2,4,2,1,2,2,3,1,1,3,4,1,0,1,0,"0","0",0,2,0,0,0,"direct","Minna",2,5,5,5,5
16,1,4,4,2.83333333333333,3.66666666666667,3,NA,NA,2023-04-26 10:41:08,2023-04-26 11:28:22,0,100,2833,1,2023-04-26 11:28:23,"R_aVslkNrWIMDOz8B","anonymous","EN",1,4,3,2,3,3,5,1,"Lie as little as possible. Tell the truth about going to my lecture. Answer no to questions about the fourth floor",2,NA,5,4,4,4,2,2,2,2,1,2,4,1,0,1,0,"0","0",1,2,0,0,0,"direct","Naiara",2,2,4,5,5
16,2,3,4,2.33333333333333,3.5,2.25,NA,NA,2023-04-28 11:16:58,2023-04-28 11:55:39,0,100,2320,1,2023-04-28 11:55:40,"R_2PtD3UXRHL5QwMg","anonymous","EN",1,2,2,2,3,5,3,1,"I tried to say roughly the same thing as last time but not exactly to the point that it would seem suspicious, like I had made up a story and remembered it. I answered no on all the questions about the fourth and fifth floor because I did not want to make up a story. The story might not be convincing.",2,NA,2,4,2,2,2,2,2,2,1,3,3,2,0,0,0,"0","0",0,1,0,0,0,"direct","Naiara",2,4,4,5,4
16,0,2,4,4.33333333333333,4.16666666666667,3,20,2,2023-04-19 14:52:56,2023-04-19 15:55:49,0,100,3772,1,2023-04-19 15:55:51,"R_d0TnWXPSmIUW3Ad","anonymous","EN",1,2,2,4,4,4,5,1,"My strategy was to try to tell the truth about things that I have done at the department which are not illegal, for example being a student. I wanted to avoid making up too many complicated stories that are lies because that could make her suspicious of me.",2,NA,5,1,4,2,4,4,3,2,1,4,4,1,0,0,0,"0","0",1,0,0,0,0,"direct","Naiara",5,4,4,5,5
17,0,5,7,2.66666666666667,4.16666666666667,2.25,20,2,2023-04-24 12:17:20,2023-04-24 13:16:35,0,100,3555,1,2023-04-24 13:16:35,"R_3FJpiiFErpBFpiX","anonymous","EN",1,2,2,1,4,3,6,1,"I didn't want to be cought in a lie, so I assumed that the interviewer knew alot. I figured that if they have a lot of evidence on me they could maybe pin me to locations. If i had a reasonable explanation for being in those spaces, ex. looking for my wallet. Then they couldn't argue against me. So i tried to tell them as much as i could, while still trying to not give away my true intentions and my crimes.",2,NA,3,4,2,4,4,3,4,3,1,4,5,2,0,0,0,"0","0",0,3,0,0,0,"direct","Karishma",2,2,3,5,4
17,2,7,7,3.66666666666667,3.66666666666667,3,NA,NA,2023-05-05 12:20:50,2023-05-05 12:53:29,0,100,1959,1,2023-05-05 12:53:30,"R_VXCnSp3xB54gHkt","anonymous","EN",1,2,3,2,5,5,2,1,"This time i just tried sticking to my story as best as i could, and trying not to get confused about the order that things happened in. But since i tried to base my story as much on what really happened as i could it was not as hard. So if i couldn't remember something, its not because my story wasn't convincing, it's just that it's hard to remember things that happened a while ago.",2,NA,4,2,3,1,3,3,4,4,2,3,4,1,1,2,0,"0","0",0,0,0,0,0,"direct","Karishma",4,5,2,4,5
17,1,6,7,3.83333333333333,4.66666666666667,4.25,NA,NA,2023-04-27 13:41:44,2023-04-27 14:25:14,0,100,2610,1,2023-04-27 14:25:15,"R_AMBEKrGXLCKS7UB","anonymous","EN",1,4,4,4,5,3,2,1,"I kept the same strategy as last time, trying to explain as much as i could so any evidence on my whereabouts wouldn't contradict my story.",2,NA,4,2,3,2,4,4,5,1,1,4,4,1,0,1,0,"0","0",0,0,0,0,0,"direct","Karishma",4,4,5,5,5
18,0,5,7,3.83333333333333,4.33333333333333,2.25,29,2,2023-04-26 15:56:52,2023-04-26 16:48:43,0,100,3110,1,2023-04-26 16:48:43,"R_1jddpY9dwWHKf5k","anonymous","EN",1,3,2,2,2,1,5,1,"I did not prepare any thoughts before hand, but I made sure that I described environmentsexactly as I remember them visually, and that I avoid the areas which have been part of the crime scenes. I also tried to act natural and ensure that I always had some alibi y(meeting someone for a specific reason, like discussing my thesis). My main strategy though was to try to maintain eye contact for as much as possible and not get nervous.",1,"I lied about people being nearby, for instance students who were studying or going to class, to make sure that people actually saw me waiting for my friend.",4,3,4,3,5,4,5,4,1,5,5,2,0,1,0,"0","0",0,0,0,0,0,"direct","Hanna",3,3,2,5,4
18,2,5,7,3.66666666666667,4.5,2.25,NA,NA,2023-05-03 15:19:10,2023-05-03 15:56:58,0,100,2268,1,2023-05-03 15:56:59,"R_2E6j0g81ejw95vf","anonymous","EN",1,2,2,2,3,6,3,1,"I tried to remain consistent in the answers I gave in the last two interviews. I tried to remain calm and not think too much or have too long breaks before giving an answer, while maintaining more eye contact. I also used slightly different words for the same descriptions, as I think that giving the exact same words as answers would sound rehearsed and make me suspicious.",1,"As mentioned previously, I tried to maintain more eye contact and also use synonyms for the same descriptions i gave last time to sound less suspicious and rehearsed. I also gave shorter answers than the other two times and tried to keep my thinking time shorter, so it seems more natural.",4,1,4,3,2,4,4,2,1,5,4,1,0,0,0,"0","0",0,0,0,0,0,"direct","Hanna",5,3,4,5,5
18,1,5,7,3,4,2.25,NA,NA,2023-05-02 15:04:41,2023-05-02 15:47:56,0,100,2594,1,2023-05-02 15:47:57,"R_Xv3P8eurwdJoYDL","anonymous","EN",1,2,3,2,2,6,3,1,"Remembering what I had said last time, as I would likely have follow-up interrogations. Trying to stay calm and natural, not be too fast or too slow in my answers but also taking the time to act like I try to remember what I said.",1,"While trying to remember, I tried to maintain more eye contact, but I noticed I kept looking up too much while thinking and recollecting what I did last week.",3,4,4,3,2,4,4,4,2,5,4,1,0,0,0,"0","0",0,1,0,0,0,"direct","Hanna",2,3,2,4,5
19,2,5,7,2.33333333333333,3.33333333333333,2,NA,NA,2023-05-04 13:14:16,2023-05-04 13:37:58,0,100,1422,1,2023-05-04 13:37:59,"R_33vbNlMDaL6FbxM","anonymous","EN",1,2,2,2,2,6,2,1,"Försöka vara avslappnad och inte ha exakta svar på alla hennes frågor",2,NA,2,4,2,2,2,2,4,4,2,2,4,2,1,0,1,"0","0",1,0,0,0,0,"sos","Sandra",2,4,2,4,4
19,0,4,7,2.16666666666667,NA,2.5,21,2,2023-04-27 13:04:24,2023-04-27 13:40:29,0,100,2165,1,2023-04-27 13:40:30,"R_BsQaeW08lBj8ECt","anonymous","EN",1,2,2,2,4,5,5,1,"Jag ville inte ge henne någon information som skulle passa med det jag egentligen gjorde, det är enklare för dem att se när man ljuger om man nästan gjorde det som dem sa att jag gjorde. Jag nekade att jag ens hade varit runt i skolan då jag tror att det är svårt för folk att faktiskt komma ihåg mig.",NA,"Jag var inte beredd på att hon skulle be mig förklara vad jag hade gjort och vart jag hade befunnit mig så jag fick gå på känsla och säga det jag trodde lät bra.",2,4,1,2,2,2,NA,4,1,2,4,2,0,1,2,"0","0",1,0,0,0,0,"sos","Sandra",2,4,2,5,4
19,1,5,7,3.33333333333333,3,2.5,NA,NA,2023-05-02 12:17:52,2023-05-02 12:44:19,0,100,1587,1,2023-05-02 12:44:20,"R_1IKG9UtKU02RDWE","anonymous","EN",1,2,2,2,4,5,2,1,"Jag försökte ge enkla förklaringar och lägga in kommentarer som visar på att jag har gått i skolan länge och att det finns många anledningar till varför mina fingeravtryck hittats, jag tror jag gav övertygande argument",2,NA,4,2,2,2,4,2,4,4,2,2,2,2,1,1,1,"0","0",1,0,0,0,0,"sos","Sandra",4,4,2,4,4
20,0,4,5,2.5,3.33333333333333,2.5,23,2,2023-05-03 11:53:51,2023-05-03 12:54:13,0,100,3621,1,2023-05-03 12:54:15,"R_2ypX1G6ROpRdk8v","anonymous","EN",1,3,2,2,3,3,4,1,"For my strategy I used the fact that I'm a student at the department of psychology, I regularly visit the building and go in between floors.",2,NA,3,4,2,4,4,2,3,4,2,3,4,2,2,1,0,"0","0",0,3,0,0,1,"direct","Naiara",2,2,2,4,4
20,2,4,5,2.5,3,3,NA,NA,2023-05-09 12:56:52,2023-05-09 13:25:00,0,100,1687,1,2023-05-09 13:25:01,"R_pDTytTzFef8hVLz","anonymous","EN",1,3,2,3,4,4,2,1,"Yet again I continued with my strategy of using the fact that I am a student at the psychology department, and frequently visit the building as well as move between the floors.",2,"I used the same strategy for all three interviews, told the truth (student) to some degree but twisted the details.",3,3,2,4,3,2,3,4,3,3,4,3,0,1,0,"0","1",0,2,0,1,0,"direct","Naiara",3,2,2,3,3
20,1,4,5,2.66666666666667,3.16666666666667,3,NA,NA,2023-05-04 12:46:51,2023-05-04 13:32:11,0,100,2719,1,2023-05-04 13:32:12,"R_2D80As4xwaPl0vL","anonymous","EN",1,3,2,3,4,4,2,1,"Once again, I stuck with my strategy of using the fact that I am a student at the department of psychology to explain my visit to the building.",2,NA,3,3,2,4,3,3,3,4,2,3,4,3,0,2,0,"0","0",0,1,0,0,1,"direct","Naiara",3,2,2,4,3
21,0,5,7,2.16666666666667,2.66666666666667,2.5,22,2,2023-05-03 13:03:03,2023-05-03 13:43:34,0,100,2430,1,2023-05-03 13:43:34,"R_2XczPorUzQQqSdd","anonymous","EN",1,3,2,2,3,6,7,2,NA,2,NA,2,4,2,4,2,3,1,4,2,3,4,4,0,0,0,"0","0",0,0,0,0,0,"sos","Naiara",2,2,2,4,2
21,1,5,7,2.33333333333333,2.66666666666667,2,NA,NA,2023-05-08 11:50:23,2023-05-08 12:30:50,0,100,2426,1,2023-05-08 12:30:51,"R_3FJR0tBXSgX41lq","anonymous","EN",1,2,2,1,3,6,7,1,"Trying to give half-truths but not revealing all information",2,NA,2,2,3,5,3,1,2,4,3,2,4,3,0,0,0,"0","0",0,0,0,0,1,"sos","Naiara",4,1,2,3,3
21,2,5,7,2.83333333333333,3.33333333333333,2.75,NA,NA,2023-05-09 10:47:38,2023-05-09 11:22:32,0,100,2093,1,2023-05-09 11:22:32,"R_2AEyzzgGzW0EBrr","anonymous","EN",1,2,3,2,4,6,7,1,"I wanted to stick to my story and not add any new areas or such when describing what I had been doing.",1,"Somewhat, I thought it would be best to stick to what I said earlier and not add anything new such as new areas",4,3,3,4,3,2,2,4,1,3,4,2,0,0,0,"0","0",0,0,0,0,1,"sos","Naiara",3,2,2,5,4
22,0,3,5,2.33333333333333,2.66666666666667,2,21,2,2023-05-03 13:59:17,2023-05-03 14:49:55,0,100,3037,1,2023-05-03 14:49:57,"R_30o5r2dbd7AJqNw","anonymous","EN",1,2,2,2,2,7,4,1,"Försöka att tala lugnt",2,NA,2,4,3,3,1,3,3,1,3,2,2,5,1,0,0,"1","0",0,0,0,0,0,"direct","Minna",2,3,5,3,1
22,1,3,4,3.66666666666667,4.33333333333333,3,NA,NA,2023-05-09 13:25:07,2023-05-09 14:18:21,0,100,3193,1,2023-05-09 14:18:21,"R_1n2YnQXKy6qHtVH","anonymous","EN",1,3,3,4,2,4,5,1,"Hålla mig lugn, erkänna att jag har varit på olika ställen i byggnaden, vara så sanningsenlig som möjligt utan att försöka avslöja mig",2,NA,2,2,3,1,4,4,4,1,1,3,4,1,0,0,0,"0","0",0,2,1,0,0,"direct","Minna",4,5,5,5,5
22,2,3,5,3.5,4.16666666666667,3.25,NA,NA,2023-05-12 11:20:10,2023-05-12 11:45:14,0,100,1503,1,2023-05-12 11:45:14,"R_6EV6JFEM9yFvqet","anonymous","EN",1,3,3,3,4,3,5,2,NA,2,NA,4,2,3,2,3,3,4,1,1,3,3,1,1,1,0,"0","0",0,0,0,0,0,"direct","Minna",4,4,5,5,5
23,1,4,7,3.16666666666667,3.5,3.75,NA,NA,2023-05-16 11:48:28,2023-05-16 12:16:32,0,100,1683,1,2023-05-16 12:16:32,"R_3OiwmZLJmNzWJHU","anonymous","EN",1,5,3,3,4,6,4,2,NA,1,"I gave a tiny bit more info about my activities during my visit at the uni. I changed my strategy because the interviewer seemed amiable.",4,2,2,4,4,3,4,3,3,4,4,3,0,0,0,"0","0",0,0,0,1,0,"sos","Karishma",4,2,3,3,3
23,0,6,7,NA,NA,NA,NA,NA,2023-05-11 13:44:16,2023-05-11 15:06:47,0,92,4951,0,2023-05-18 15:06:49,"R_8ui5Fgk1XaRp47T","anonymous","EN",1,NA,NA,NA,NA,NA,NA,NA,NA,NA,NA,NA,NA,NA,NA,NA,NA,NA,NA,NA,NA,NA,NA,NA,NA,NA,NA,NA,NA,NA,NA,NA,NA,"sos","Karishma",NA,NA,NA,NA,NA
23,2,7,7,4,3.33333333333333,3.5,NA,NA,2023-05-24 14:54:55,2023-05-25 12:29:07,0,100,77652,1,2023-05-25 12:29:09,"R_1mRH2QHRUGgXRJ1","anonymous","EN",1,5,2,3,4,5,4,2,NA,2,NA,5,1,4,3,3,4,4,4,3,3,4,2,0,0,1,"0","0",1,0,0,0,0,"sos","Karishma",5,3,2,3,4
24,2,1,7,3.5,4,1.75,NA,NA,2023-05-19 12:52:54,2023-05-19 13:30:41,0,100,2266,1,2023-05-19 13:30:42,"R_1PTubnwbPdFffro","anonymous","EN",1,1,1,4,1,7,4,1,"My strategy was to simply reply that I do not know or do not remember when I was asked questions that might implicate me in the crime. When I was asked questions that I believe would not implicate me in the crime, or for which I had real memories from that day unrelated to the crime, I told the interviewer as much as I could.",2,NA,4,2,4,5,4,4,4,3,2,4,4,1,0,0,0,"0","0",2,0,0,0,0,"direct","Naiara",4,1,3,4,5
24,1,1,7,4.33333333333333,4.5,2.75,NA,NA,2023-05-17 14:48:48,2023-05-17 15:40:48,0,100,3120,1,2023-05-17 15:40:49,"R_1lnQ8cI6THqBfYI","anonymous","EN",1,2,1,5,3,4,7,1,"If I remember things right, when I read the cognitive psychology course I learned that what makes peoples stories of true memories different from made up stories is that the stories of true memories is much more detailed. I therefor had as a strategy to say nothing that was untrue since a made up stories could be identified as such because of its lack of detail. When I got questions about my activities that might implicated me in the crime, I stated that I do not remember. At the same time I saw no reason of not answering questions when I believed the answer to them would not implicate me in the crime. When I got a question of my activities that I believed could not implicate me in the crime, I described my memory in detail. I also made sure not the describe the places I went to to commit the crime in greater detail than other areas of the building, since I thought this might implicate me.",2,NA,5,1,5,5,5,5,4,1,1,4,4,1,0,1,0,"0","0",0,0,1,0,0,"direct","Naiara",5,1,5,5,5
24,0,1,7,2.66666666666667,4,1.25,29,2,2023-05-12 13:52:18,2023-05-12 14:52:01,0,100,3582,1,2023-05-12 14:52:02,"R_3PLaWv0WAezwYjw","anonymous","EN",1,1,1,2,1,7,1,1,"I did not think that I could convince the interviewer that I was innocent, but I had a strategy for not implicating myself. I have heard that individuals involved in organized crime in Sweden have a strategy of not saying anything at all in police interviews, in order to be able to come up with the (to themselves) most beneficial testimony after information has been presented to the court by police investigators and other suspects. If I would commit a crime I therefor think that the safest strategy in an interview would be to not say anything at all. I also think that the risk of me providing information to the police that could be used against me is greater than the chance that anything I say could be beneficial to me.",2,NA,1,3,3,1,1,3,4,4,1,3,5,1,0,1,0,"0","0",0,0,0,1,0,"direct","Naiara",3,5,2,5,5
25,0,2,5,2.16666666666667,3.83333333333333,2.25,24,2,2023-05-12 14:52:51,2023-05-12 15:51:39,0,100,3528,1,2023-05-12 15:51:40,"R_28TGqz00vVlC5zU","anonymous","EN",1,2,2,2,3,5,4,1,"kind of. i tried to make up a story where most of the details were correct so that i could quickly answer in case the interviewer asked questions about my story(she didn't though). i said i came here to look for my friend who goes to this school because his friends and i havent heard from him in a few days and his friends in jönköping where he is doing his internship at the moment said he had gone to gothenburg for something school-related. the friend is real and he does go to this school and is doing an internship in jönköping but he is not missing. i also claimed to only remember details that i believe i would have remembered if i were actually here looking for my friend.",2,NA,2,5,1,4,4,3,4,3,1,4,2,1,0,1,0,"0","0",0,1,0,0,0,"direct","Hanna",1,2,3,5,5
25,2,NA,NA,NA,NA,NA,NA,NA,2023-05-25 09:52:40,2023-05-30 13:41:23,0,13,445723,0,2023-06-06 13:41:28,"R_1CwDlupodab56Al","anonymous","EN",NA,NA,NA,NA,NA,NA,NA,NA,NA,NA,NA,NA,NA,NA,NA,NA,NA,NA,NA,NA,NA,NA,NA,NA,NA,NA,NA,NA,NA,NA,NA,NA,NA,"direct","Hanna",NA,NA,NA,NA,NA
25,1,2,3,2.16666666666667,3.83333333333333,2,NA,NA,2023-05-23 14:08:23,2023-05-23 14:50:57,0,100,2553,1,2023-05-23 14:50:58,"R_2ZVylt0pBHXuKzY","anonymous","EN",1,1,3,2,2,6,2,1,"not really a strategy maybe but i tried to act annoyed cause that's probably how i would feel being questioned about a crime i had nothing to do with without being given any information about why i was being questioned. it was difficult though",2,NA,3,5,2,4,2,3,4,2,1,3,2,1,0,0,0,"0","0",0,0,0,0,0,"direct","Hanna",1,2,4,5,5
25,2,2,3,2.33333333333333,3.5,1.5,NA,NA,2023-05-24 14:10:13,2023-05-24 14:54:37,0,100,2664,1,2023-05-24 14:54:38,"R_23UyshkOdNGDJlr","anonymous","EN",1,1,2,1,2,6,2,1,"i tried to channel my tiredness and stress(over unrelated things) into annoyance and rudeness to give the impression that i was an innocent person tired of being questioned about and indirectly accused of something i had no involvement in",2,NA,3,4,2,4,3,2,4,4,1,3,2,1,0,1,0,"0","0",0,0,0,0,0,"direct","Hanna",2,2,2,5,5
26,0,5,5,4.16666666666667,4.5,4.5,22,2,2023-05-12 15:55:22,2023-05-12 17:00:01,0,100,3878,1,2023-05-12 17:00:03,"R_1il24bxh69a6fFc","anonymous","EN",1,4,5,5,4,1,6,1,"That I'm student and that's the reason I was in the building. I'm a student in real life so it ain't a lie, which make it easier to convince the interviewer that I'm innocent .",2,NA,4,1,4,2,4,4,4,2,1,4,5,1,0,0,0,"0","0",0,0,0,0,0,"direct","Hanna",5,4,4,5,5
26,1,5,5,4.5,4.33333333333333,5,NA,NA,2023-05-16 11:34:42,2023-05-16 12:28:04,0,100,3202,1,2023-05-16 12:28:05,"R_22yuce2GraUcSm4","anonymous","EN",1,5,5,5,5,7,1,1,"Same strategy as the first interview( I am a student and I studied here)",2,NA,4,1,5,1,4,4,4,2,1,4,4,1,1,0,0,"0","0",0,0,0,0,0,"direct","Hanna",5,5,4,5,5
26,2,6,6,5,4.33333333333333,4.75,NA,NA,2023-05-17 10:56:49,2023-05-17 11:17:18,0,100,1229,1,2023-05-17 11:17:18,"R_2WMAm04CxT1ox8U","anonymous","EN",1,5,5,4,5,7,1,1,"Same as last time(I am a student).",2,NA,5,1,5,1,5,5,4,3,1,5,4,1,0,0,0,"0","0",0,0,0,0,0,"direct","Hanna",5,5,3,5,5
27,2,5,5,2.33333333333333,3.5,2.75,NA,NA,2023-05-26 09:42:48,2023-05-26 10:08:35,0,100,1547,1,2023-05-26 10:08:36,"R_2zCpG8tNRa4Ym1o","anonymous","EN",1,3,3,2,3,5,1,1,"Same strategy as last time. I decided to answer with ""no comment"" to all the questions in the investigation interview to not give out information about the crime I ""committed"" and thus to remain as innocent as possible not giving the interviewer any more information that they can held against me.",2,NA,3,4,2,3,2,2,3,3,1,2,4,2,0,1,0,"0","0",0,0,0,0,0,"direct","Naiara",2,3,3,5,4
27,1,4,6,2.33333333333333,3.5,2.5,NA,NA,2023-05-22 09:24:34,2023-05-22 10:09:46,0,100,2712,1,2023-05-22 10:09:47,"R_2wn1Pz0CXnz5vLz","anonymous","EN",1,2,3,2,3,5,1,1,"Same as last time. I believe that if I give any information to the interviewer, they will just find things that can be used against me. So If they already suspect me it is best to say no comment for not making my case ""worse"".",2,NA,3,4,2,2,1,2,2,3,1,2,4,1,0,0,0,"0","0",0,0,0,0,0,"direct","Naiara",2,4,3,5,5
27,0,3,6,2.66666666666667,3.5,2.25,32,2,2023-05-19 10:01:35,2023-05-19 10:45:13,0,100,2618,1,2023-05-19 10:45:14,"R_szfvnVvCQbTo9Bn","anonymous","EN",1,2,3,1,3,5,1,1,"As I in this scenario have ""committed"" the crime, I know that whatever I say could be used against me. I also believe that the goal of a police interview where I already am considered as a suspect to have committed a crime is to find out more information and hints about my potential involvement in that crime. Therefore, I chose to say ""no comment"" to not have the officer gather more material about me that could lead to a judgement.",2,"It was quite easy to keep this strategy as I decided for it beforehand. I could imagine that some try to convince the interviewer that they are innocent by taking a friendly and open approach but then realise that they might get trapped into giving out more information. I did not want to take that risk.",3,4,3,2,2,2,2,3,1,3,4,2,0,0,0,"0","0",0,0,0,0,0,"direct","Naiara",2,4,3,5,4
28,0,4,5,3.33333333333333,NA,3.5,47,2,2023-05-19 14:54:04,2023-05-19 15:38:59,0,100,2695,1,2023-05-19 15:39:00,"R_3ERp7qHxobF5hmb","anonymous","EN",1,2,4,4,4,6,5,1,"försökte se avslappnad ut och tala sanning så mkt som möjligt",2,NA,4,3,3,2,3,3,4,1,1,NA,4,1,1,0,0,"0","1",0,0,0,0,0,"direct","Minna",3,4,5,5,5
28,1,6,4,4,4.5,4.25,NA,NA,2023-05-23 12:23:44,2023-05-23 12:49:04,0,100,1520,1,2023-05-23 12:49:05,"R_3p43YTCEBfU1NB4","anonymous","EN",1,3,5,5,4,2,3,2,NA,2,NA,4,1,4,1,2,4,4,1,1,4,4,1,0,0,0,"0","0",0,0,1,0,0,"direct","Minna",5,5,5,5,5
28,2,4,5,4,4.5,3.25,NA,NA,2023-05-30 12:52:38,2023-05-30 13:32:45,0,100,2407,1,2023-05-30 13:32:46,"R_2zTOigmb0GXLQFT","anonymous","EN",1,2,3,4,4,4,5,1,"ögonkontakt verka trevlig",2,NA,4,2,4,1,3,4,4,1,1,5,3,1,1,0,0,"0","0",0,0,1,0,0,"direct","Minna",4,5,5,5,5
29,1,3,5,4.33333333333333,3.83333333333333,3.25,NA,NA,2023-05-29 10:43:36,2023-05-29 11:18:35,0,100,2099,1,2023-05-29 11:18:35,"R_8H7CGOmB1pMvHK9","anonymous","EN",1,3,4,2,4,3,4,1,"Using the medical reason for my visit as an excuse for any memory losses that could have occured which would be the reason why I didn't recall being on certain floors",2,NA,5,1,4,2,4,4,3,2,1,3,4,2,0,0,0,"0","0",1,0,0,0,0,"sos","Hanna",5,4,4,5,4
29,0,2,6,2.83333333333333,3,2.5,19,2,2023-05-22 10:10:36,2023-05-22 11:40:49,0,100,5413,1,2023-05-22 11:40:51,"R_2bNtnVPeYq3DFnb","anonymous","EN",1,3,2,1,4,5,5,1,"Pretending I was here because of a study on depersonalisation which my therapist recommended",2,NA,3,2,1,3,4,2,3,5,1,2,3,2,0,0,0,"0","0",0,0,0,0,0,"sos","Hanna",4,3,1,5,4
29,2,4,6,2.83333333333333,3.66666666666667,2.25,NA,NA,2023-06-08 09:57:53,2023-06-08 10:22:09,0,100,1455,1,2023-06-08 10:22:10,"R_2xPHVWT6yZl2z4Q","anonymous","EN",1,2,2,1,4,6,2,1,"Using a medical condition as an excuse for not remembering certain details",2,NA,2,3,2,2,3,3,4,1,1,2,2,2,2,0,0,"0","0",2,3,0,0,0,"sos","Hanna",3,4,5,5,4
30,1,3,6,3.5,2.83333333333333,1.75,NA,NA,2023-06-02 13:17:30,2023-06-02 13:55:50,0,100,2300,1,2023-06-02 13:55:51,"R_ub7DhQIALuryqmB","anonymous","EN",1,2,2,1,2,5,5,2,NA,2,NA,4,2,4,4,3,4,4,4,4,2,2,1,0,0,0,"0","0",1,0,0,0,2,"sos","Hanna",4,2,2,2,5
30,0,1,7,3.66666666666667,3.33333333333333,2.75,28,2,2023-05-29 11:52:15,2023-05-29 12:49:20,0,100,3425,1,2023-05-29 12:49:21,"R_1jWnOoZMKJQNfgR","anonymous","EN",1,2,3,2,4,5,5,2,NA,2,NA,5,4,4,2,3,4,4,4,2,2,3,1,0,0,0,"0","0",0,0,0,0,0,"sos","Hanna",2,4,2,4,5
30,2,5,5,3.16666666666667,3.33333333333333,3.25,NA,NA,2023-06-08 13:28:14,2023-06-08 13:50:53,0,100,1359,1,2023-06-08 13:50:54,"R_28Hb9PNSpfeG1B7","anonymous","EN",1,1,5,5,2,6,2,2,NA,2,NA,4,3,4,4,4,2,5,4,1,1,2,1,0,0,0,"0","0",0,1,1,0,1,"sos","Hanna",3,2,2,5,5
31,1,5,7,2.33333333333333,3.83333333333333,1.75,NA,NA,2023-05-30 14:51:39,2023-05-30 15:14:28,0,100,1369,1,2023-05-30 15:14:29,"R_1lfOzGG530wFZLL","anonymous","EN",1,1,1,1,4,6,2,1,"I had the same strategy as last time, repeating my alibi of meeting a friend there.",2,NA,1,5,2,4,4,4,5,4,1,3,4,2,0,1,0,"0","2",0,0,0,0,0,"sos","Naiara",1,2,2,5,4
31,2,2,5,4,4,3.25,NA,NA,2023-06-01 14:54:27,2023-06-01 15:22:02,0,100,1655,1,2023-06-01 15:22:03,"R_3nvDAlYk2R1Ooz1","anonymous","EN",1,3,3,3,4,7,1,1,"Same as in earlier interviews, I had an alibi of meeting a friend in the building to get lunch.",2,NA,4,2,4,3,4,5,5,3,1,4,4,3,0,0,0,"0","0",0,1,1,0,0,"sos","Naiara",4,3,3,5,3
31,0,5,7,2.66666666666667,4,2.5,24,1,2023-05-29 14:45:35,2023-05-29 15:38:59,0,100,3203,1,2023-05-29 15:38:59,"R_1ouo43uRzHpeKtP","anonymous","EN",1,3,2,1,4,4,5,1,"I created an alibi of meeting a friend who is a student taking a lecture here, giving me a reason for being at the crime scene.",2,NA,3,4,2,4,3,4,5,2,1,3,4,3,1,0,0,"0","5",1,0,0,0,0,"sos","Naiara",2,2,4,5,3
32,2,3,7,5,4.16666666666667,4,NA,NA,2023-06-06 07:47:57,2023-06-06 08:27:40,0,100,2383,1,2023-06-06 08:27:41,"R_1GZaDh43EaWhbG7","anonymous","EN",1,4,4,4,4,6,1,1,"I pulled thesame story as the last three times and tried not to deriviate from that story.",2,"No, I tried my best to stick to the story. When the interviewer asked if i have any questions, I planned to say ""no, but ive been to this school a couple more times after the day i saw the proffesor, so i might mix up few details""...but i didnt say it after all because I was a bit nervouse.",5,1,5,1,5,5,4,2,1,3,4,1,1,1,0,"0","0",2,0,1,0,0,"direct","Naiara",5,5,4,5,5
32,0,2,7,2.83333333333333,4.33333333333333,3.75,25,2,2023-05-30 13:41:24,2023-05-30 14:45:41,0,100,3856,1,2023-05-30 14:45:43,"R_2YfCMWyVOnSQSZo","anonymous","EN",1,4,4,2,5,6,7,1,"I was pretending to be a student of a different school, who had to come in to this school to find a proffessor. I had an excuse for going up and down the floors and said i went out for a smoke. I also noticed that I unconciously was nodding my head in ""yes"" motion all the time while talking, as if I somehow tried to convince the interviewer of my story while talking.",2,"No, i didnt change my strategy. I continued to lie my way out of every situation/question.",4,2,2,4,4,1,5,2,1,3,4,1,0,4,2,"0","0",5,5,0,0,0,"direct","Naiara",4,2,4,5,5
32,1,4,7,4.66666666666667,4.33333333333333,3.25,NA,NA,2023-06-01 13:51:25,2023-06-01 14:19:16,0,100,1670,1,2023-06-01 14:19:17,"R_qyYDSNB7iV7jDSp","anonymous","EN",1,2,4,2,5,3,5,1,"I was trying to recall the lies i told in the previous interview and stick to them. The details that I wasnt sure of, I tried to brush off with the excuse of having a bad memory. I tried to be as chill as possible and convince myself of the story/lies I told, like ""fake it till you make it"" kind of.",2,"I didnt. I didnt want to seem suspicious by acting defensive and agressive. I rather acted oblivion and ""dumb"". I didnt either ask question at the end of the interview as if to say ""no, i dont really have any interest in this at all""",4,1,5,2,5,5,4,1,1,3,4,1,0,1,0,"0","0",2,5,1,0,0,"direct","Naiara",5,4,5,5,5
33,1,4,4,2.66666666666667,3.5,2.75,NA,NA,2023-06-02 14:00:28,2023-06-02 14:15:23,0,100,895,1,2023-06-02 14:15:24,"R_T7StRIfsacfVPax","anonymous","EN",1,3,3,2,3,5,2,1,"Keep to the story I already told. Dont say/answer anything thats not asked.",2,NA,3,3,2,3,3,2,3,3,1,3,3,2,0,0,0,"0","0",0,0,0,0,1,"direct","Karishma",3,3,3,5,4
33,0,4,5,2.66666666666667,3,2.25,40,1,2023-06-01 12:45:07,2023-06-01 13:36:24,0,100,3076,1,2023-06-01 13:36:25,"R_1IQOPWeqJlcPrdY","anonymous","EN",1,3,2,1,3,4,3,2,NA,2,NA,2,3,3,3,3,2,3,3,3,3,3,3,0,0,0,"0","0",0,1,0,0,0,"direct","Karishma",3,3,3,3,3
33,2,4,4,2.83333333333333,3,2.75,NA,NA,2023-06-05 10:55:38,2023-06-05 13:13:55,0,100,8297,1,2023-06-05 13:13:56,"R_3jYTgwAzAAdyJNQ","anonymous","EN",1,3,3,2,3,6,2,1,"Keep to the story, dont add or change anything",2,NA,3,3,3,3,3,2,3,4,2,3,3,3,0,0,0,"0","0",0,0,0,0,1,"direct","Karishma",3,3,2,4,3
34,1,4,6,2.5,2.33333333333333,NA,NA,NA,2023-06-02 12:24:57,2023-06-02 12:47:11,0,100,1334,1,2023-06-02 12:47:12,"R_yO1UBAWMGW1Hgu5","anonymous","EN",1,3,2,NA,4,3,4,2,NA,2,NA,3,4,2,2,2,2,2,4,3,2,2,3,0,0,0,"0","0",0,0,1,0,0,"sos","Karishma",2,4,2,3,3
34,0,2,6,3.16666666666667,2.83333333333333,3,62,1,2023-06-01 14:45:47,2023-06-01 15:24:04,0,100,2297,1,2023-06-01 15:24:05,"R_SMBRy8q8xZGA15D","anonymous","EN",1,2,3,3,4,5,2,2,NA,2,NA,4,2,3,3,2,3,2,4,2,2,3,2,0,0,0,"0","0",0,0,0,0,0,"sos","Karishma",4,3,2,4,4
34,2,4,7,2.5,2.83333333333333,2.75,NA,NA,2023-06-06 14:48:14,2023-06-06 15:15:10,0,100,1616,1,2023-06-06 15:15:14,"R_10BpaDL8uYnAUCp","anonymous","EN",1,3,2,2,4,5,2,1,"same story",2,NA,2,3,3,4,2,3,3,3,4,2,3,2,0,0,0,"0","0",0,0,1,0,0,"sos","Karishma",3,2,3,2,4
35,0,6,7,4.66666666666667,4.33333333333333,4,25,2,2023-06-06 11:02:30,2023-06-06 11:40:49,0,100,2299,1,2023-06-06 11:40:50,"R_3OqaeaiHnu7SUgz","anonymous","EN",1,4,4,4,4,2,5,1,"I tried to create an alibi which seemed truthful and I tried to put emphasis on that I could not remember many details that she asked for.",2,NA,5,1,5,3,5,5,5,3,1,3,5,1,0,3,1,"0","0",0,1,1,0,0,"direct","Karishma",5,3,3,5,5
35,2,6,7,4.66666666666667,4.5,3.25,NA,NA,2023-06-12 09:47:15,2023-06-12 10:20:26,0,100,1991,1,2023-06-12 10:20:27,"R_1dBuuTmqIMDO0ax","anonymous","EN",1,4,3,2,4,2,5,1,"Same as the other times I was interviewed.",2,NA,5,1,5,3,5,5,5,3,1,4,5,1,0,1,0,"0","0",1,1,0,0,0,"direct","Karishma",5,3,3,5,5
35,1,6,7,4.5,4.16666666666667,3.25,NA,NA,2023-06-08 10:28:33,2023-06-08 11:11:26,0,100,2573,1,2023-06-08 11:11:28,"R_2TZbfyvA3CX73Qv","anonymous","EN",1,4,2,3,4,5,5,1,"Same as last time",2,NA,5,1,5,4,5,5,5,4,1,5,5,3,0,0,0,"0","0",2,1,1,0,2,"direct","Karishma",5,2,2,5,3
36,2,5,7,4.66666666666667,4.16666666666667,3,NA,NA,2023-06-16 16:30:35,2023-06-16 16:40:18,0,100,582,1,2023-06-16 16:40:19,"R_1dy01ohYTJ4rDBW","anonymous","EN",1,4,3,1,4,3,4,1,"Remaining confident in my previous statement and sticking to the same story as told before.",2,NA,4,1,5,1,4,5,5,1,1,1,4,1,0,0,0,"0","0",0,0,0,0,0,"direct","Hanna",5,5,5,5,5
36,0,4,7,4.16666666666667,4,2.5,31,1,2023-06-12 15:25:10,2023-06-12 16:32:53,0,100,4063,1,2023-06-12 16:32:56,"R_Z1TIf38jeHgpz4B","anonymous","EN",1,3,2,1,4,2,1,1,"My strategy was maintaining the fact that i was here for a case study and no other purpose",2,NA,4,1,4,1,2,5,5,2,1,1,4,1,0,0,0,"0","0",0,0,2,0,1,"direct","Hanna",5,5,4,5,5
36,1,5,3,4.5,4.16666666666667,3.25,NA,NA,2023-06-13 15:51:37,2023-06-16 16:30:26,0,100,261528,1,2023-06-16 16:30:27,"R_3NExYA5IEzxbid2","anonymous","EN",1,4,4,1,4,2,3,1,"Maintaining and sticking to the story i had previously told, but adding minor useless details.",2,NA,4,1,5,1,3,5,5,1,1,1,4,1,0,0,0,"0","0",0,0,0,0,0,"direct","Hanna",5,5,5,5,5
37,0,3,7,2.66666666666667,3.5,3.5,40,2,2023-07-10 10:02:48,2023-07-10 10:57:19,0,100,3270,1,2023-07-10 10:57:20,"R_eJ0X7J2yteYkdYB","anonymous","EN",1,4,4,2,4,7,6,1,"Jag pratade runt frågorna",2,"Jag tror inte det men gick på känsla.",4,3,1,3,4,1,4,3,2,2,4,2,0,1,0,"0","0",6,0,0,0,0,"sos","Raver",3,3,3,4,4
37,2,5,7,3.83333333333333,4.16666666666667,3.5,NA,NA,2023-07-14 09:41:41,2023-07-14 10:15:24,0,100,2023,1,2023-07-14 10:15:25,"R_XHuqeN9ahYuq5zz","anonymous","EN",1,4,3,3,4,6,6,1,"Min strategi var som tidigare att prata runt saker. Det var mycket svårare denna gången eftersom jag blev lite mer ifrågasatt men jag kände ändå att jag kunde ge rimliga svar som skulle kunna förklara mitt beteende.",1,"Jag fick liknande frågor som tidigare men ställda på ett nytt sätt vilket gjorde att jag var tvungen att tänka efter så att jag inte avslöjade för mycket nytt.",4,2,3,1,5,2,5,3,1,3,4,1,0,2,0,"0","0",6,0,0,1,0,"sos","Raver",4,5,3,5,5
37,1,4,7,3.83333333333333,4.16666666666667,3.75,NA,NA,2023-07-12 09:43:24,2023-07-12 10:17:11,0,100,2026,1,2023-07-12 10:17:11,"R_3lY94w42L0zV7tL","anonymous","EN",1,4,4,3,4,6,4,1,"Jag höll mig till samma saker som förra gången och bekräftade sånt som kan bevisas genom ex fingeravtryck. Jag blandade in vad jag tänkte och tyckte om saker lite då och då som att de är högt upp när man står på våning 5. Jag tror att de ökar trovärdigheten om man kan vara beskrivande samtidigt som man inte ger för mycket information.",2,NA,4,1,3,2,5,2,4,2,1,3,4,1,0,4,1,"0","0",6,0,0,0,0,"sos","Raver",5,4,4,5,5
38,0,3,5,3.66666666666667,3.5,2.5,23,1,2023-07-10 10:57:24,2023-07-10 11:46:18,0,100,2934,1,2023-07-10 11:46:19,"R_3OeUzmMKRqbzJTK","anonymous","EN",1,2,2,2,4,5,3,1,"Det svåra var ju att komma på en anledning till varför man ens var i byggnaden, så jag sa att ja var där för en undersökning. Blev överaskad av att en vitne såg mig fastän att det inte var någon där. Överlag så var mina svar inte långt ifrån det jag faktisk gjorde, gav en anledning till varför jag var i områden men inte specifikt vad jag gjorde.",1,"När han sa att någon såg mig, så insåg jag att jag kanske borde inte ljuga för mycket. Alltså håll handlingen nära det som hände.",4,4,3,2,4,5,4,3,2,2,4,2,0,0,0,"0","0",1,0,0,0,0,"sos","Raver",2,4,3,4,4
38,1,2,5,4.33333333333333,4,3.75,NA,NA,2023-07-12 10:52:30,2023-07-12 11:14:48,0,100,1338,1,2023-07-12 11:14:49,"R_3246x3jooKv6baj","anonymous","EN",1,4,4,3,4,6,2,1,"Samma som innan, höll berättelsen så nära verkligheten som möjlig pga eventuella vittnen.",1,"Kom ihåg från förra gången att det fanns vittnen, alltså behövde jag inte säga något motsägande.",4,1,4,1,4,4,4,3,1,4,4,2,0,0,0,"0","0",1,0,0,0,0,"sos","Raver",5,5,3,5,4
38,2,2,5,4.16666666666667,5,3.5,NA,NA,2023-07-14 10:50:43,2023-07-14 11:08:51,0,100,1088,1,2023-07-14 11:08:52,"R_2trsOWF62NBYAu7","anonymous","EN",1,3,3,4,4,6,2,1,"Fanns vittnen, gav rimliga anledningar till varför jag var i närheten.",2,"Bytte strategi i intervju nr 1, behöll samma strategi i 2&3. Insåg att om det fanns vittnen så går det inte att motbevisa att man var där.",5,2,4,2,4,4,5,1,1,5,5,1,0,0,0,"0","0",1,0,0,0,0,"sos","Raver",4,4,5,5,5
39,0,5,6,3.66666666666667,4.16666666666667,3.5,56,2,2023-07-10 11:46:50,2023-07-10 12:46:40,0,100,3590,1,2023-07-10 12:46:41,"R_31tq64J1y4QE7EB","anonymous","EN",1,4,4,2,4,7,4,2,NA,2,NA,3,2,3,1,4,3,3,1,1,3,4,1,0,0,0,"0","1",0,0,0,0,0,"sos","Raver",4,5,5,5,5
39,1,4,7,3.83333333333333,4.16666666666667,3.25,NA,NA,2023-07-12 11:51:40,2023-07-12 12:50:57,0,100,3556,1,2023-07-12 12:50:58,"R_1o4N1RwousXm6Pw","anonymous","EN",1,3,3,3,4,7,5,2,NA,2,NA,4,2,4,1,3,3,4,1,1,3,3,1,0,0,0,"0","0",0,0,0,0,0,"sos","Raver",4,5,5,5,5
39,2,5,7,4.16666666666667,4.16666666666667,4,NA,NA,2023-07-14 11:51:49,2023-07-14 12:10:49,0,100,1139,1,2023-07-14 12:10:49,"R_1oAR9Hebv1TFEfW","anonymous","EN",1,4,3,5,4,7,5,2,NA,2,NA,5,2,4,1,4,3,4,1,1,3,3,1,0,0,0,"0","0",0,0,0,0,0,"sos","Raver",4,5,5,5,5
40,1,2,5,3.16666666666667,3.33333333333333,2.75,NA,NA,2023-07-12 12:51:00,2023-07-12 16:50:57,0,100,14396,1,2023-07-12 16:50:57,"R_24vGf2pBdxFtEys","anonymous","EN",1,3,3,2,3,5,2,1,"Jag höll mig till samma historia som jag berättade förra gången och försökte anpassa svaren på frågorna efter denna.",2,NA,3,2,3,2,2,3,3,4,2,3,4,2,0,0,0,"0","0",0,0,0,0,0,"sos","Raver",4,4,2,4,4
40,0,2,5,3,3.33333333333333,2.5,52,1,2023-07-10 12:47:32,2023-07-10 16:24:32,0,100,13020,1,2023-07-10 16:24:33,"R_RrUjMpGKx6b0ODn","anonymous","EN",1,3,2,2,3,5,5,1,"Jag tänkte ut en anledning till att jag skulle befinna mig i byggnaden och försökte svara på frågorna så att de stämde överens med min anledning.",2,NA,4,2,2,2,3,1,3,3,2,3,3,2,0,0,0,"0","0",0,0,0,0,0,"sos","Raver",4,4,3,4,4
40,2,3,5,3,3.83333333333333,2.25,NA,NA,2023-07-14 12:51:41,2023-07-14 16:51:16,0,100,14374,1,2023-07-14 16:51:16,"R_3PNPpQHxM4cfaxA","anonymous","EN",1,2,2,2,3,5,3,1,"Jag höll mig till samma historia som under de första intervjuerna och försökte svara likadant som tidigare. För nya frågor försökte jag anpassa svaren så att de passade med min historia.",2,NA,3,2,2,2,3,2,4,4,1,3,4,1,0,0,0,"0","0",0,0,0,0,0,"sos","Raver",4,4,2,5,5
41,1,4,6,3.5,3.83333333333333,3,NA,NA,2023-07-12 16:53:42,2023-07-12 17:11:41,0,100,1078,1,2023-07-12 17:11:42,"R_2w6ysu2GLjIM3fr","anonymous","EN",1,3,2,3,4,4,4,1,"Jag försökte spela dum och övertyga intervjuaren att jag inte hade något specifikt mål när jag besökte institutet, jag försöker ge bilden att jag bara är en ""turist"" i denna byggnad och hade ingen aning om något brott.",1,"Jag blev frågad under intervju 1 om jag var på plan 4 vilket jag sade att jag inte var men under intervju 2 försökte jag bortförklara detta med att jag trodde att bottenvåningen i hissen var plan E och inte plan 1",4,3,3,2,4,3,4,3,1,3,4,2,0,0,1,"0","0",0,0,3,1,0,"direct","Raver",3,4,3,5,4
41,0,4,6,3.33333333333333,4,2.25,25,1,2023-07-10 16:52:36,2023-07-10 17:31:35,0,100,2339,1,2023-07-10 17:31:36,"R_3esoHpmPldJQZCP","anonymous","EN",1,3,2,1,3,4,5,1,"Försöka övertyga intervjuaren att jag bara är en kompis som inte kunde navigera i byggnaden",2,NA,4,3,3,1,3,2,4,2,1,3,5,3,0,0,0,"0","0",0,0,2,1,0,"direct","Raver",3,5,4,5,3
41,2,4,6,3.33333333333333,3.83333333333333,2.5,NA,NA,2023-07-14 16:51:21,2023-07-14 17:17:19,0,100,1557,1,2023-07-14 17:17:20,"R_24wrNtWU4CTui0m","anonymous","EN",1,3,2,2,3,4,3,1,"Fortsatte med samma strategi som föregående intervjuer och försökte se till att det inte var några hål i min story",2,NA,4,2,4,3,3,2,4,4,1,3,5,2,0,0,1,"0","0",0,0,2,0,0,"direct","Raver",4,3,2,5,4
42,0,2,5,3.66666666666667,3.33333333333333,1,23,2,2023-07-10 17:53:04,2023-07-10 18:32:16,0,100,2352,1,2023-07-10 18:32:17,"R_2vYfjZhImaxyU9Q","anonymous","EN",1,1,1,1,1,5,3,1,"Få mig själv att verka så normal och passande i miljön som möjligt, så påstod att jag va student som skulle plugga här",2,NA,5,1,2,2,4,2,4,3,1,2,3,3,0,0,0,"0","0",0,0,0,0,0,"sos","Raver",5,4,3,5,3
42,1,3,4,3.33333333333333,3.5,2.25,NA,NA,2023-07-12 17:20:32,2023-07-12 17:41:15,0,100,1243,1,2023-07-12 17:41:16,"R_2xCMmROQPWY4rSQ","anonymous","EN",1,3,2,2,2,6,3,2,NA,2,NA,4,3,3,2,4,2,3,4,1,3,4,2,0,0,0,"0","0",0,0,0,0,0,"sos","Raver",3,4,2,5,4
42,2,2,2,3.16666666666667,3.33333333333333,2,NA,NA,2023-07-14 17:26:21,2023-07-14 17:47:38,0,100,1276,1,2023-07-14 17:47:38,"R_pn3KmAhSVVxEvp7","anonymous","EN",1,2,2,2,2,5,5,2,NA,2,NA,4,3,2,2,4,2,3,3,2,2,4,2,0,0,0,"0","0",0,0,0,0,0,"sos","Raver",3,4,3,4,4
43,0,4,7,2.5,2,2.75,50,1,2023-08-07 10:42:05,2023-08-07 12:13:38,0,100,5493,1,2023-08-07 12:13:39,"R_3gMVV113Q30YXFK","anonymous","EN",1,3,3,2,3,4,2,2,NA,2,NA,2,4,2,2,3,2,1,1,4,1,1,4,0,2,0,"p","p",1,0,0,0,0,"direct","Minna",2,4,5,2,2
43,2,6,7,3,3,3.5,NA,NA,2023-08-09 10:50:50,2023-08-09 11:18:21,0,100,1651,1,2023-08-09 11:18:22,"R_2BlnVhiPMAS1dZD","anonymous","EN",1,4,3,3,4,2,2,2,NA,2,NA,4,2,3,3,2,2,3,3,3,2,3,2,0,0,0,"0","0",0,0,0,0,0,"direct","Minna",4,3,3,3,4
43,1,5,7,4,3.33333333333333,3.25,NA,NA,2023-08-08 11:09:23,2023-08-08 11:26:55,0,100,1051,1,2023-08-08 11:26:56,"R_1nYMf1EPyhVfXPi","anonymous","EN",1,4,3,2,4,2,2,1,"tänkte att jag håller mig så nära saningen som möjligt. sen var det ju helt tomt med folk så vem kan ha sett mig gå överallt",2,NA,4,1,4,1,3,3,3,2,2,2,3,2,0,0,0,"0","0",0,0,0,0,0,"direct","Minna",5,5,4,4,4
44,0,3,5,2.66666666666667,3.83333333333333,1,23,1,2023-08-07 12:50:22,2023-08-07 13:49:54,0,100,3571,1,2023-08-07 13:49:55,"R_3rJq64FCfa2PzqC","anonymous","EN",1,1,1,1,1,2,2,2,NA,1,"hon frågade vad jag gjorde på psykologiska institutet vilket jag inte ens var medveten om att jag vistade mig på föränn hon sa det och blev lite ställd och sen bytte jag strategi till att göra bort mig totalt och inte avslöja något väsentligt om vad jag faktiskt gjorde",1,5,2,2,4,4,5,3,2,2,4,1,0,0,0,"0","0",0,0,0,0,0,"direct","Minna",1,4,3,4,5
44,1,1,5,3.66666666666667,3.16666666666667,2.75,NA,NA,2023-08-08 11:32:15,2023-08-08 15:24:59,0,100,13963,1,2023-08-08 15:24:59,"R_3s0pwoOlIvU5BIc","anonymous","EN",1,2,2,3,4,3,2,1,"Min strategi var beroende på att intervjuaren inte hade några bevis på min brottsaktivitet, då jag inte stötte på potentiella vittnen när jag genomförde brottet och tog hand om övervakningen.Så det var bara att svara nej på frågor så som ""vistade du dig på andra våningen under din vistelse"", samt ha en händelselös alibi",2,NA,4,2,4,2,3,3,3,2,1,2,3,4,0,0,0,"0","0",0,0,0,0,0,"direct","Minna",4,4,4,5,2
44,2,2,3,3.16666666666667,3.16666666666667,2.5,NA,NA,2023-08-09 12:59:38,2023-08-09 14:42:29,0,100,6170,1,2023-08-09 14:42:30,"R_32XerWXrWyWSjhS","anonymous","EN",1,3,2,2,3,7,1,1,"Inte ge tydliga svar samt undvika att svara på vissa frågor och leda bort samtalet.",2,NA,4,4,3,2,3,3,4,4,2,2,4,3,0,0,0,"0","0",0,0,0,0,0,"direct","Minna",2,4,2,4,3
45,0,3,5,1.83333333333333,2.5,1.5,25,3,2023-08-07 13:50:08,2023-08-07 14:44:24,0,100,3256,1,2023-08-07 14:44:25,"R_2cAYfMEweJCqz5m","anonymous","EN",1,1,2,1,2,5,2,1,"Jag vet inte om jag skulle kalla det för strategi men min tanke var att bara ge ut den information som de frågade om. Redan innan var mitt minne suddigt om var jag hade varit, men jag kanske försökte spela på det lite extra",2,NA,1,4,2,3,2,1,3,2,2,1,1,4,1,0,1,"0","0",0,0,0,0,0,"sos","Minna",2,3,4,4,2
45,1,2,3,1.83333333333333,2,2.5,NA,NA,2023-08-21 09:50:44,2023-08-21 10:27:48,0,100,2223,1,2023-08-21 10:27:48,"R_7aEbAkErpNbini9","anonymous","EN",1,3,1,2,4,5,2,1,"Efter förra intervjun försökte jag att vara mer ärlig med det som hade hänt, men försökte samtidigt att flika in med förklaringar eller berätta saker så att det jag gjorde inte verkade som något olagligt, men det fanns inte jättemycket utrymme för det.",2,NA,4,5,1,4,1,2,3,5,3,1,3,5,1,0,0,"0","0",0,1,0,1,0,"sos","Minna",1,2,1,3,1
45,2,3,2,1.66666666666667,2.83333333333333,2.5,NA,NA,2023-08-22 09:45:59,2023-08-22 10:32:00,0,100,2760,1,2023-08-22 10:32:01,"R_2xCWm7fKr3E4QWY","anonymous","EN",1,3,1,2,4,5,2,1,"Gick på informationen som jag trodde de hade av mig sen innan och försökte vara medhjälplig där det gick, men ändå försöka flika in med saker som jag tyckte gjorde mig oskyldig, men fanns inte jättemycket utrymme till det",2,NA,3,5,1,4,1,2,3,2,2,2,2,4,0,0,0,"0","1",0,0,0,0,0,"sos","Minna",1,2,4,4,2
46,2,3,7,2.5,3.5,1.75,NA,NA,2023-08-09 15:27:40,2023-08-09 15:56:41,0,100,1741,1,2023-08-09 15:56:42,"R_5teX5rYXq5uOSFb","anonymous","EN",1,2,2,1,2,5,3,1,"Jag gjorde en strategi minutrarna inför första intervjun som hade tre delar. Jag har avslöjat en del efter varje intervju (fall i fall det skulle användas emot mig). Första delen: Bestämma innan varför jag varit i byggnaden som kan förklara mina rörelse. Andra delen: Ge svar som ger så lite relevant information som möjligt. Tredje delen: Låsas att jag är en av de självsäkra vita män i 50-årsåldern som jag brukar sitta i fastighetsförandlingar med. De är lugna, ser sin närvaro som självklar och en attityd som att ingen kan tro något annat än gott om dem.(Det finns bra män också i fastighetsbranschen)",2,NA,3,4,2,2,2,2,3,3,1,2,4,2,0,0,0,"0","0",0,0,0,0,0,"sos","Minna",2,4,3,5,4
46,1,4,7,2.83333333333333,3.66666666666667,2.25,NA,NA,2023-08-08 15:25:01,2023-08-08 15:49:45,0,100,1484,1,2023-08-08 15:49:46,"R_2e9BOrz190Mo2J7","anonymous","EN",1,2,2,2,3,4,3,1,"Vid första tillfället tog jag några minuter innan intervjun för att bestämma varför jag varit i byggnaden. Jag bestämde mig också för inte ge ifrån mig mer information än nödvändigt (korta svar, ospecifika svar, upprepa svar, ställa motfrågor när det är naturligt) utan att (jag förhoppningvis) verkar förhalla eller dölja allt för mycket.",2,NA,4,4,2,2,3,2,3,4,1,3,4,1,0,0,1,"0","0",0,1,0,0,0,"sos","Minna",2,4,2,5,5
46,0,5,7,2.66666666666667,3.33333333333333,2.75,35,2,2023-08-07 15:21:34,2023-08-07 16:15:21,0,100,3227,1,2023-08-07 16:15:22,"R_1qUusFz7zLMeHYI","anonymous","EN",1,2,3,2,4,5,4,1,"Jag skulle möta upp en vän som jobbar i byggnaden. Men kunde inte hitta henne.",2,NA,3,4,2,2,3,2,3,4,3,3,4,1,0,0,0,"0","0",0,1,0,0,0,"sos","Minna",2,4,2,3,5
47,0,1,3,2.66666666666667,3.83333333333333,1.25,33,1,2023-08-14 09:56:49,2023-08-14 14:42:23,0,100,17133,1,2023-08-14 14:42:24,"R_2fCYgBXEoeubm6f","anonymous","EN",1,1,1,2,1,1,7,1,"Im bad at lying so i said that i did it but said i was contacted and it was a paid study, so i lied about that",1,"i lied about 5th floor to see if she would react",2,4,4,4,3,3,4,2,1,3,2,1,0,0,0,"0","0",0,0,0,0,2,"sos","Hanna",2,2,4,5,5
48,0,4,7,4.16666666666667,4.66666666666667,5,41,2,2023-08-14 14:46:07,2023-08-14 16:52:52,0,100,7604,1,2023-08-14 16:52:53,"R_6kWKaKCsxLeI1j3","anonymous","EN",1,5,5,5,5,1,7,1,"My strategy was to say that this is the first time I visited the place and to describe my impressions of the place. Those impressions are genuine and I kept all the focus on the things that are true but non-discriminating.",2,NA,4,1,3,1,4,4,5,1,1,3,5,1,0,0,0,"0","0",0,0,0,0,0,"direct","Hanna",5,5,5,5,5
48,1,4,7,4.33333333333333,4.5,3.5,NA,NA,2023-08-16 16:24:11,2023-08-16 16:53:58,0,100,1786,1,2023-08-16 16:53:58,"R_3lEcASQznYl50SX","anonymous","EN",1,3,3,5,3,1,7,1,"My strategy is to hold to the truth as much as possible and describe truthful events, only mentioning details that are not incriminating me in any way.",2,NA,4,1,4,1,4,4,5,1,1,3,4,1,0,0,0,"0","0",0,0,0,0,0,"direct","Hanna",5,5,5,5,5
48,2,4,7,4,4.5,4,NA,NA,2023-08-18 16:24:54,2023-08-18 16:53:09,0,100,1695,1,2023-08-18 16:53:10,"R_2wLIP4okn9aqHja","anonymous","EN",1,4,3,5,4,1,7,1,"My strategy was to talk about true events that are not compromising, but they are truthful and will give more confident talking about them.",2,NA,4,1,4,1,5,1,5,1,1,3,4,1,0,0,0,"0","0",0,0,0,0,0,"direct","Hanna",5,5,5,5,5
49,0,5,7,3.5,4,3,26,2,2023-08-14 16:54:09,2023-08-14 17:39:31,0,100,2721,1,2023-08-14 17:39:31,"R_31MDyKyOLgF77D5","anonymous","EN",1,3,3,2,4,2,7,1,"I used my recent days routine to convince them that I came here to study and that is what I did. Also, described the things at entry and else where exactly until I started taking stuff!",2,NA,4,4,5,3,4,3,3,2,1,3,4,1,0,0,0,"0","0",0,2,0,0,1,"direct","Hanna",2,3,4,5,5
49,1,4,7,3.83333333333333,4,2.5,NA,NA,2023-08-16 16:54:03,2023-08-16 17:11:49,0,100,1065,1,2023-08-16 17:11:50,"R_1DYjqlLDFzRUDWQ","anonymous","EN",1,3,2,2,3,6,3,2,NA,2,NA,5,2,5,4,3,4,4,3,1,3,4,1,1,0,0,"0","0",0,1,0,0,0,"direct","Hanna",4,2,3,5,5
49,2,4,7,2.33333333333333,3.66666666666667,2.25,NA,NA,2023-08-18 16:53:20,2023-08-18 17:32:11,0,100,2330,1,2023-08-18 17:32:14,"R_1IKPkAY8KABkWQZ","anonymous","EN",1,2,2,2,3,3,2,2,NA,2,NA,2,4,3,5,3,3,3,5,1,3,5,1,1,1,0,"0","0",0,1,0,2,0,"direct","Hanna",2,1,1,5,5
50,1,6,6,4.5,4.5,5,NA,NA,2023-08-18 10:56:34,2023-08-18 11:17:13,0,100,1238,1,2023-08-18 11:17:14,"R_3mxV9Dl14LVzKI9","anonymous","EN",1,5,5,5,5,5,1,1,"I stuck to what I told her the last time I was here. I was also prepared for more questions and did build my self a background story about what I was doing in the building.",2,NA,5,1,5,1,3,4,5,1,1,3,4,1,0,0,0,"0","0",0,0,0,0,0,"direct","Hanna",5,5,5,5,5
50,0,5,7,3.66666666666667,4.33333333333333,3.75,24,2,2023-08-16 09:50:12,2023-08-16 10:56:32,0,100,3980,1,2023-08-16 10:56:33,"R_2pLccXzxnvW96wH","anonymous","EN",1,4,5,1,5,1,4,1,"I retold a previus visit i had here a year ago. I described a room i did not have acces to today and what I was doing there.",2,NA,5,1,2,2,4,2,5,2,1,3,4,1,0,1,0,"0","0",0,0,1,0,0,"direct","Hanna",5,4,4,5,5
50,2,6,6,4.33333333333333,4.16666666666667,5,NA,NA,2023-08-21 10:27:59,2023-08-21 11:15:03,0,100,2823,1,2023-08-21 11:15:05,"R_3J8jQM6skmhx5Ni","anonymous","EN",1,5,5,5,5,4,1,1,"I told her the exact same story as the last time and the time before.",2,NA,4,1,4,1,3,5,3,1,1,3,4,1,0,0,0,"0","0",0,0,0,0,0,"direct","Hanna",5,5,5,5,5
51,1,2,7,1.66666666666667,3.33333333333333,2,NA,NA,2023-08-17 11:09:07,2023-08-17 11:55:08,0,100,2760,1,2023-08-17 11:55:08,"R_sAl9npdq2lT7SLL","anonymous","EN",1,3,2,1,2,6,1,1,"I thought maybe I could play stupid as if I had some sort of personality disorder. I realise my statements are not convincing because Im a shit lier. Therefore it makes more sense to just play so weird that any statements would seem unreliable. If Im just a wild card the interviews can account for less. Unfortunately Im a shit actress too and its really hard switching language",1,"I started saying no",1,4,1,5,3,2,3,4,2,3,4,2,0,1,0,"0","0",0,0,0,0,0,"sos","Hanna",2,1,2,4,4
51,0,1,7,2,3,2,22,2,2023-08-16 10:56:45,2023-08-16 11:43:38,0,100,2813,1,2023-08-16 11:43:39,"R_1mOi9IXstjpBOiu","anonymous","EN",1,2,2,2,2,7,6,2,NA,1,"I wouldnt admit to as much activity if it had not been apparant that she knew a lot and had looked through cctv",3,2,1,5,2,1,3,4,2,3,3,3,1,1,0,"0","0",0,0,0,0,0,"sos","Hanna",4,1,2,4,3
51,2,1,7,2.83333333333333,3,1.75,NA,NA,2023-08-18 11:17:21,2023-08-18 11:47:46,0,100,1824,1,2023-08-18 11:47:47,"R_2V1lqI0EqbwJ9OP","anonymous","EN",1,1,1,3,2,5,2,2,"Its too hard to stick to a plan",2,NA,3,4,3,4,4,3,3,4,2,2,3,2,0,0,0,"0","0",0,1,0,0,0,"sos","Hanna",2,2,2,4,4
52,1,1,4,2.83333333333333,3.83333333333333,2.5,NA,NA,2023-09-07 14:59:47,2023-09-07 15:23:00,0,100,1393,1,2023-09-07 15:23:01,"R_1LesfUQCoLojaSo","anonymous","EN",1,2,2,2,4,4,6,1,"I turned back unfortunately as my earlier strategy didn't work. So I said that someone had asked me to retrieve the item of the pink coat and that I gave the item to said person at the piano where I played some notes on the piano. When she asked me if I touched the chair I told a story about how I touch the chair right before sitting down because of an earlier incident where my own chair had broken. I tried to be as colorful and detailed as possible.",1,"My earlier strategy of pure ignorance did not work and the interigator seemed as though she didn't like my answer to the question, she seemed almost relieved when I changed which means that I'll probably keep doing this, admitting to the place and time while creating another story.",2,4,3,4,5,3,4,2,1,3,2,1,0,1,0,"0","0",2,0,0,0,0,"sos","Karishma",2,2,4,5,5
52,0,2,3,2.5,3.33333333333333,1.75,18,1,2023-09-05 13:42:00,2023-09-05 15:45:07,0,100,7386,1,2023-09-05 15:45:08,"R_3lG2jMxU3SFNGlY","anonymous","EN",1,1,2,2,2,6,4,1,"Well, I tried to argue that I went into the building to blow my nose in their bathrommes, seeing as I have a stuffy nose and just left from school. Although it all came crashing down with the CCTV footage",2,NA,2,4,2,4,4,3,4,4,1,3,2,2,0,0,0,"0","0",2,0,0,1,0,"sos","Karishma",2,2,2,5,4
52,2,4,5,2.33333333333333,3.16666666666667,1,NA,NA,2023-09-08 15:19:00,2023-09-08 15:49:59,0,100,1858,1,2023-09-08 15:50:00,"R_2Tts8Khje3gO8rD","anonymous","EN",1,1,1,1,1,6,4,2,NA,1,"Well she kept asking question after question which meant my story never held up since my answers before said that I had left. I should have kept as few details as possible",2,4,2,4,4,2,4,3,2,2,2,2,1,0,0,"0","0",2,0,0,0,0,"sos","Karishma",2,2,3,4,4
53,2,2,5,2.5,4.16666666666667,2,NA,NA,2023-09-29 15:50:45,2023-09-29 16:26:42,0,100,2157,1,2023-09-29 16:26:43,"R_1LYEAtdn7ckcpBo","anonymous","EN",1,1,2,2,3,5,1,1,"Stick to my original story and question any new evidence",2,NA,3,4,2,3,3,2,4,2,1,4,3,1,0,0,1,"0","0",0,0,0,0,0,"sos","Karishma",2,3,4,5,5
53,0,5,7,2.33333333333333,4.33333333333333,2,46,2,2023-09-15 13:48:39,2023-09-15 14:42:08,0,100,3209,1,2023-09-15 14:42:09,"R_3KoPPc8ZT6iimgt","anonymous","EN",1,1,2,2,3,4,1,1,"Made up a story to explain why I was in the building and why I walked around a bit. Did not know about the CCTV",2,NA,3,4,2,3,3,1,4,2,1,4,4,1,1,0,0,"0","0",0,0,0,0,0,"sos","Karishma",2,3,4,5,5
53,1,2,6,2.66666666666667,4,2.75,NA,NA,2023-09-22 15:26:09,2023-09-22 16:47:53,0,100,4903,1,2023-09-22 16:47:54,"R_2vkvH1d155xIOFF","anonymous","EN",1,2,2,3,4,5,2,1,"Stick to my story, not change anything and question whatever new evidence they would claim to have",2,NA,4,4,2,3,3,2,4,2,1,3,3,1,0,0,0,"0","0",0,0,0,0,0,"sos","Karishma",2,3,4,5,5
54,0,3,7,4.5,4.33333333333333,2,40,1,2023-09-15 14:42:12,2023-09-15 15:57:30,0,100,4518,1,2023-09-15 15:57:31,"R_3lzaK7OPOgcVMZw","anonymous","EN",1,2,2,1,3,1,5,1,"I tried to tell the truth as much as possible in regards to my physical movements in and around the building. I tried to obfuscate the reason I was there but matched the timelines to the actual movements. I also tried to add a bit of detail here and there to match my version of events.",2,NA,5,1,4,2,4,5,4,2,1,3,5,1,1,0,2,"0","0",0,0,4,0,0,"direct","Karishma",5,4,4,5,5
54,1,2,7,3.66666666666667,4.16666666666667,2,NA,NA,2023-09-19 15:55:36,2023-09-19 16:50:08,0,100,3272,1,2023-09-19 16:50:09,"R_3k4YGNvLHFtifoG","anonymous","EN",1,2,2,2,2,2,5,1,"I tried to keep it simple, to tell the truth about my movements around the building but not why I was there. I tried as best I could to convince the interviewer that my reason for being in the building was legitimate and that I wasn't there to commit any crimes. I tried to keep the gist of my story simple to avoid being caught in any lies.",2,NA,4,2,4,3,4,3,4,3,1,3,5,1,1,0,0,"0","0",1,0,4,0,0,"direct","Karishma",4,3,3,5,5
54,2,3,7,3.83333333333333,4.33333333333333,1.75,NA,NA,2023-09-29 15:23:56,2023-09-29 15:47:32,0,100,1415,1,2023-09-29 15:47:33,"R_31BGS15hoHrAn8D","anonymous","EN",1,1,2,2,2,3,5,1,"I tried to keep the story simple and have a reason for the journey I took through the building, I tried to have innocuous reasons for doing things like going into rooms and touching thinhgs but not lie about my actual movements through the building.",2,NA,4,2,3,2,4,4,4,2,1,3,5,1,0,0,2,"0","0",1,0,2,0,0,"direct","Karishma",4,4,4,5,5
55,2,4,5,2.16666666666667,2.83333333333333,2.25,NA,NA,2023-10-04 12:09:07,2023-10-04 14:22:05,0,100,7977,1,2023-10-04 14:22:05,"R_xEsa9bORbqlo1Vv","anonymous","EN",1,2,3,2,2,5,5,2,NA,2,NA,2,4,2,3,2,2,2,2,3,3,2,3,0,0,0,"0","0",0,0,0,0,0,"sos","Naiara",2,3,4,3,3
55,0,2,5,3,3.16666666666667,3,40,1,2023-09-27 11:18:48,2023-09-27 13:31:53,0,100,7984,1,2023-09-27 13:31:54,"R_2xAjSNyn0nA0Wzz","anonymous","EN",1,3,3,2,4,1,3,2,NA,1,NA,3,2,3,3,2,3,4,4,3,4,2,2,0,0,0,"0","0",0,0,0,0,0,"sos","Naiara",4,3,2,3,4
55,1,4,4,2.33333333333333,2.66666666666667,2.5,NA,NA,2023-10-03 13:44:50,2023-10-03 15:45:24,0,100,7234,1,2023-10-03 15:45:25,"R_1I6nA7kREnDDxUd","anonymous","EN",1,3,2,2,3,5,4,2,NA,2,NA,3,4,2,4,3,2,3,3,4,3,2,3,0,0,0,"0","0",0,0,0,0,0,"sos","Naiara",2,2,3,2,3
56,1,3,5,2.66666666666667,3.33333333333333,2.75,NA,NA,2023-10-03 13:16:56,2023-10-03 13:43:22,0,100,1585,1,2023-10-03 13:43:22,"R_2OZT4JSg6cXbXlI","anonymous","EN",1,3,2,2,4,6,5,1,"leaving out the activity i imagine to be the ""illegal"" act. taking and replacing the usb and the recording",2,NA,4,3,2,5,4,2,3,4,2,3,4,2,1,8,5,"0","0",1,1,2,3,1,"sos","Naiara",3,1,2,4,4
56,0,2,6,3.16666666666667,2.5,2,26,1,2023-09-27 13:33:04,2023-09-27 14:29:32,0,100,3388,1,2023-09-27 14:29:34,"R_3k6DgDZ2NhFdlgi","anonymous","EN",1,2,2,2,2,5,5,1,"leave out some part of the activities",1,"i did forgot wich floor i was was supposed to get the notebook",4,3,2,2,4,2,3,4,4,2,3,3,0,8,1,"0","1",1,1,0,2,1,"sos","Naiara",3,4,2,2,3
56,2,3,5,2.83333333333333,2.66666666666667,2.25,NA,NA,2023-10-09 12:44:48,2023-10-09 13:13:20,0,100,1711,1,2023-10-09 13:13:21,"R_2YhyP3Hp7Q3Om1N","anonymous","EN",1,2,2,2,3,6,4,1,"leaving out what activities i found to feel ""illegal"" the taking of camera fotage and the usb stick delivery on the fourth floor",2,NA,4,2,2,4,3,2,3,4,4,3,3,3,1,15,1,"2","0",1,0,1,1,0,"sos","Naiara",4,2,2,2,3
57,0,5,7,2.66666666666667,4,2.25,23,2,2023-09-29 12:55:49,2023-09-29 14:17:46,0,100,4917,1,2023-09-29 14:17:47,"R_sR3bWdKyITvsBYR","anonymous","EN",1,2,2,2,3,4,2,1,"Admit that i was in the general vicinity of where the crimes were commited, but telling them i was there for other reasons such as ""printing paper"".",1,"I realised that if there was proof of me roaming around in places, other than where i told them i was, i had no way of taking that back. I wanted to come across as honest and increase my chances of getting away.",2,3,2,4,5,2,3,2,1,4,4,2,2,0,3,"0","0",0,1,0,0,1,"direct","Karishma",3,2,4,5,4
57,2,3,7,3,4.5,2.25,NA,NA,2023-10-05 11:48:02,2023-10-05 12:42:52,0,100,3289,1,2023-10-05 12:42:53,"R_6DJGvtqlQdLAv9D","anonymous","EN",1,3,2,2,2,5,4,1,"I tried to act confused and forgetful.",1,"I started out with the plan to admit to being where the crimes occurred but while doing something ""non-criminal"". After a while i realised that i had said too much and it did not sound convincing so instead i started acting confused and forgetful. After that, however, i realised that i did not like that strategy at all so i went back to my first strategy again, which did not help my case at all. During the interview i felt like i switched strategies every other minute.",4,3,2,5,5,3,5,2,1,4,4,1,0,0,1,"0","1",1,1,0,0,0,"direct","Karishma",3,1,4,5,5
57,1,3,6,3,4.5,2,NA,NA,2023-10-03 11:46:45,2023-10-03 12:30:00,0,100,2594,1,2023-10-03 12:30:02,"R_56aCwm2gPMuqEW5","anonymous","EN",1,2,2,2,2,5,3,1,"I admitted to being in the general vicinity of where the crimes were committed, but i told them it was for reasons that sound innocent.",2,NA,4,2,2,4,4,2,4,1,1,4,4,1,0,1,3,"0","1",1,2,0,0,0,"direct","Karishma",4,2,5,5,5
58,2,3,6,1.66666666666667,3.33333333333333,2,NA,NA,2023-10-11 11:05:12,2023-10-11 13:48:59,0,100,9827,1,2023-10-11 13:49:00,"R_6ioUlXvLROPcmVb","anonymous","EN",1,3,1,2,2,5,1,1,"I worked from the idea that I had legitimate business during ""the incident"", where I had an appointment in room 427 regarding my stutter and that my movements on the day was me going to and from that appointment, with a mental break on the patio on the third floor, etc.",2,NA,2,5,1,4,3,1,2,4,1,3,5,3,0,1,0,"0","0",0,0,0,0,0,"direct","Naiara",1,2,2,5,3
58,1,3,6,2.16666666666667,3.33333333333333,2.25,NA,NA,2023-10-09 13:20:32,2023-10-09 13:48:33,0,100,1680,1,2023-10-09 13:48:34,"R_1k0uRCEp0yFChpZ","anonymous","EN",1,3,1,2,3,5,2,1,"My strategy, such as it is, means giving legitimate reasons for being where I was and sticking to my story as much as possible. Appointment with a professor on the fourth floor relating to my stutter, a mental break to clear my head on the patio on the third floor and trying to find the restroom before leaving.",2,NA,1,5,3,4,3,3,3,4,1,3,4,3,0,1,0,"0","0",0,0,0,0,0,"direct","Naiara",1,2,2,5,3
58,0,2,5,2.16666666666667,3.5,2.25,40,1,2023-10-06 11:58:34,2023-10-06 13:07:51,0,100,4156,1,2023-10-06 13:07:52,"R_1GQE1m33brzVyRC","anonymous","EN",1,3,2,1,3,5,6,1,"I claimed to have an appointment to handle my stutter with a psychologist on the fourth floor. All claims for any actions I may have take fall from that, such as going out onto the patio to have some relative peace for a moment after this appointment.",2,NA,2,5,3,4,4,1,3,4,2,3,4,1,0,1,0,"0","0",0,0,0,0,0,"direct","Naiara",1,2,2,4,5
59,0,2,7,4.5,3.16666666666667,3.5,27,2,2023-10-06 13:08:20,2023-10-06 14:41:11,0,100,5570,1,2023-10-06 14:41:11,"R_2ZZymCgVPktJeqf","anonymous","EN",1,4,4,2,4,2,5,1,"I just tried to make sure that all the things I say fit to each other, that I do not say contradictory things. I tried to not answet too fast to the questions but also not to think for too long. I tried to sound confident.",2,NA,5,1,4,1,4,4,2,4,1,1,4,1,1,0,0,"0","0",0,0,0,0,0,"direct","Naiara",5,5,2,5,5
59,1,3,7,4.33333333333333,4,3.5,NA,NA,2023-10-09 13:48:47,2023-10-09 14:13:01,0,100,1454,1,2023-10-09 14:13:02,"R_2b2DqdpAPWFpqKx","anonymous","EN",1,4,4,2,4,6,3,1,"I tried to remind myself what I said the last time and recreate it the best and the most similarly I could. I tried not to say or add too many details or new information to the story so I would not get lost in my confession or confuse myself.",2,NA,5,1,4,2,4,4,4,2,1,1,5,1,0,0,0,"0","0",0,0,0,0,0,"direct","Naiara",5,4,4,5,5
59,2,6,7,4.16666666666667,4.33333333333333,3.5,NA,NA,2023-10-19 15:29:08,2023-10-19 15:50:52,0,100,1304,1,2023-10-19 15:50:53,"R_2uDU1zRNF7ce7Aa","anonymous","EN",1,4,4,2,4,6,4,1,"Just like the previous times I tried to avoid too many details and I tried to stick to my initial story as best as I could. When the interviewer was asking if I touched anything I tried to give kinda vague answers, like ""It is possible but I do not think so"" or that I do not recollect because I thought it would be weird and suspicious if I remembered my every move.",2,NA,5,1,3,1,4,3,4,1,1,3,4,1,2,0,0,"0","0",0,0,0,0,0,"direct","Naiara",5,5,5,5,5
60,0,4,5,3.5,2.83333333333333,3,55,2,2023-10-13 13:46:23,2023-10-13 15:02:00,0,100,4537,1,2023-10-13 15:02:01,"R_bQx5sRIRPWbm5CV","anonymous","EN",1,3,2,3,4,6,4,2,NA,2,NA,4,4,3,2,4,4,4,4,3,3,3,4,0,1,1,"0","0",0,1,0,1,0,"sos","Minna",2,4,2,3,2
60,2,3,5,2.5,2.83333333333333,2,NA,NA,2023-10-25 09:45:29,2023-10-25 10:45:25,0,100,3596,1,2023-10-25 10:45:26,"R_1dFtXWaDc10aoDQ","anonymous","EN",1,1,1,2,4,7,3,2,NA,2,NA,3,4,2,3,3,2,3,5,2,3,3,3,0,1,0,"1","0",0,0,0,1,0,"sos","Minna",2,3,1,4,3
60,1,5,4,2.66666666666667,2.16666666666667,2,NA,NA,2023-10-18 11:47:43,2023-10-18 12:37:39,0,100,2996,1,2023-10-18 12:37:40,"R_21thIhW12di2ioi","anonymous","EN",1,2,1,2,3,7,4,2,NA,2,NA,4,5,4,5,3,3,2,5,3,3,2,4,0,1,0,"0","0",0,1,0,1,0,"sos","Minna",1,1,1,3,2
61,1,3,6,2.83333333333333,3.33333333333333,1,NA,NA,2023-10-16 09:51:32,2023-10-16 10:21:52,0,100,1820,1,2023-10-16 10:21:53,"R_upIkQUmjpNKLEfT","anonymous","EN",1,1,1,1,1,6,5,2,NA,2,NA,4,3,3,3,2,2,3,2,1,1,2,1,0,0,0,"0","0",0,0,0,0,0,"sos","Minna",3,3,4,5,5
61,2,3,7,3.5,3.16666666666667,1,NA,NA,2023-10-18 09:59:21,2023-10-18 10:32:31,0,100,1989,1,2023-10-18 10:32:32,"R_3fH0wFteUE4C5WV","anonymous","EN",1,1,1,1,1,6,4,2,"Kännde att jag redan ramat in mig själv efter första intervjupasset när jag sa att jag bara vistats på första våningen och ville inte ändra min story.",2,NA,5,3,3,2,3,3,4,3,2,2,2,2,0,0,0,"0","0",0,1,0,0,0,"sos","Minna",3,4,3,4,4
61,0,4,6,NA,3,1.5,24,1,2023-10-13 15:04:09,2023-10-13 16:55:44,0,100,6695,1,2023-10-13 16:55:45,"R_3VEc8VV5yHf3jA5","anonymous","EN",1,2,1,2,1,3,5,2,"Tänkte innan att jag skulle undvika säga specifika saker, men babblade på mer än vad jag trodde jag skulle göra.",2,NA,4,NA,2,2,4,3,4,3,2,1,2,2,0,0,0,"0","0",0,0,2,0,0,"sos","Minna",NA,4,3,4,4
